,Садовый,Курортный,Степной,Лесной,Научный,Приморский,Северный,Западный,Таежный,Портовый,Алмазный,Полярный,Южный,Date,Month,Year
0,-4.883099999999998,9.546000000000012,-4.8201999999999945,-5.0706,-11.924299999999992,1.0731,4.4401,-4.669800000000006,-6.74990000000001,9.040100000000015,-8.806899999999992,-9.82170000000001,-0.6269000000000009,1,January,2023
1,-8.3615,9.320099999999998,-2.695100000000002,-7.794899999999991,-8.442599999999992,1.5962999999999983,1.5255,-5.894899999999995,-7.866000000000017,10.623999999999981,-6.9284999999999926,-4.040400000000002,-0.10140000000000002,2,January,2023
2,-7.8696,8.129999999999992,-6.520800000000003,-11.869200000000005,-4.938800000000003,2.1705000000000014,2.6852000000000027,-9.569200000000004,-14.805000000000012,11.984999999999996,-8.420399999999992,-3.333199999999997,-1.1207999999999994,3,January,2023
3,-7.622299999999999,7.885300000000006,-20.299599999999966,-5.020500000000009,-6.145400000000007,0.5378999999999993,5.050499999999996,-5.766400000000009,-10.253499999999981,9.908499999999993,-7.891699999999993,-5.196799999999997,0.8592999999999992,4,January,2023
4,-5.457400000000003,7.2233,-19.94830000000002,-1.4145999999999999,-7.652900000000008,-1.3929,6.921999999999993,-5.765699999999997,-10.05399999999998,11.163999999999996,-6.008599999999992,-6.134500000000008,2.1762000000000037,5,January,2023
5,-4.2850000000000055,7.831599999999998,-21.44410000000003,-1.8250000000000008,-5.176600000000004,-1.0641000000000014,4.652900000000012,-8.007899999999987,-8.774099999999986,13.406899999999986,0.5103000000000003,-10.485599999999994,1.341099999999999,6,January,2023
6,-4.693900000000002,8.161499999999993,-16.83850000000002,-4.551500000000003,-3.759200000000003,-1.2384999999999997,6.231900000000011,-5.851500000000003,-15.158100000000017,11.831900000000008,-5.89609999999999,0.27859999999999996,0.8547000000000005,7,January,2023
7,-3.6716000000000006,7.627099999999993,-9.36330000000001,-1.644000000000001,-4.718899999999995,-1.2383000000000006,7.907999999999982,-5.374700000000001,-20.18899999999996,9.920999999999982,-12.471399999999985,3.279899999999999,-4.049299999999994,8,January,2023
8,-3.869599999999999,7.132099999999998,-2.4512999999999963,-0.24160000000000043,-5.7899,-1.7512999999999985,8.58339999999999,-7.138700000000008,-20.206600000000037,11.88340000000002,-17.520400000000038,5.358900000000005,-5.6512999999999955,9,January,2023
9,-3.1783000000000015,8.335299999999997,-1.6263999999999996,-0.35169999999999996,-6.298299999999996,-2.626300000000002,5.777400000000005,-7.740699999999991,-12.211599999999981,13.239399999999991,-22.935699999999997,3.5173000000000014,-4.344299999999999,10,January,2023
10,-3.7723000000000035,8.335699999999997,-0.1341999999999998,-0.3658000000000002,-7.223600000000001,-1.128100000000001,-0.7890000000000001,-6.961899999999994,-18.682899999999975,12.807100000000025,-24.717699999999965,-0.8283999999999994,-4.628099999999992,11,January,2023
11,-4.371699999999999,8.84429999999999,1.1830000000000012,-1.9773000000000007,-9.603000000000012,-0.6089000000000007,-1.727699999999997,-5.2105000000000015,-24.577599999999975,12.35740000000002,-27.38530000000003,-1.714800000000003,2.1253999999999964,12,January,2023
12,-6.780399999999999,8.552800000000005,0.2192000000000001,-7.415800000000001,-10.010400000000015,-0.6807999999999989,-3.8950999999999927,-6.415799999999999,-27.595099999999974,9.894900000000018,-26.50960000000006,-3.7216000000000053,1.716799999999998,13,January,2023
13,-13.366900000000003,5.231100000000007,-1.7904999999999973,-10.418499999999986,-11.233100000000002,-0.12419999999999982,-4.943800000000004,-8.44949999999999,-27.524800000000017,6.962200000000004,-24.702099999999987,-7.762100000000004,-3.980499999999996,14,January,2023
14,-14.195800000000004,6.5794000000000015,-3.5048000000000035,-12.415200000000004,-10.924799999999994,0.7580000000000006,-6.020799999999997,-11.215200000000005,-27.11080000000003,9.05920000000001,-23.45420000000003,-5.247000000000002,-5.2648000000000055,15,January,2023
15,-12.547999999999986,3.348800000000003,-11.691700000000004,-9.990299999999989,-11.82380000000002,-0.1406000000000001,-5.087200000000004,-12.1243,-23.83120000000001,14.224799999999986,-21.61200000000001,-6.365299999999996,-5.159700000000004,16,January,2023
16,-16.881499999999964,4.754900000000004,-4.814400000000004,-7.027599999999999,-14.078999999999985,-0.5641000000000005,-7.94639999999999,-6.4786000000000055,-27.638399999999965,11.016600000000018,-17.63149999999999,-3.3850999999999964,-3.7274000000000025,17,January,2023
17,-23.39039999999999,8.555500000000002,-12.028800000000022,-6.361200000000004,-18.727799999999995,1.2644999999999986,-9.131900000000012,-4.661199999999997,-27.031900000000043,12.858100000000018,-13.499599999999988,-10.71430000000001,3.7612000000000028,18,January,2023
18,-24.444299999999945,7.423900000000006,-12.413099999999986,-6.075900000000001,-21.46589999999998,1.4726000000000001,-10.078199999999974,-7.147899999999996,-15.999199999999972,11.71380000000001,-11.455699999999986,-11.734500000000002,3.4759000000000038,19,January,2023
19,-22.50679999999995,2.992600000000005,-23.59380000000002,-12.29720000000001,-23.06289999999998,-0.1254999999999998,-7.9902999999999995,-8.832200000000007,-22.48830000000004,9.105700000000008,-15.424199999999983,-10.94319999999999,3.8031999999999972,20,January,2023
20,-23.576299999999993,6.020799999999996,-23.90760000000003,-12.132400000000002,-20.6606,-2.815899999999998,-4.908999999999991,-11.995400000000004,-28.76799999999995,12.815999999999983,-18.24469999999998,-4.658400000000006,4.203400000000003,21,January,2023
21,-23.56319999999999,9.460999999999988,-23.59859999999997,-17.478400000000008,-21.451599999999996,-0.9477000000000004,-8.559400000000005,-14.371399999999978,-28.14939999999995,14.212599999999998,-13.969800000000014,-10.542400000000008,8.516400000000006,22,January,2023
22,-21.65529999999999,10.22039999999999,-17.60120000000003,-17.28880000000001,-21.38200000000003,-4.201199999999997,-13.676900000000007,-16.388799999999982,-20.076900000000045,5.613100000000003,-10.134700000000013,-8.444699999999989,7.0887999999999876,23,January,2023
23,-20.714800000000036,11.271400000000002,-11.98950000000001,-20.100499999999975,-18.312999999999988,-3.589500000000003,-9.801999999999996,-18.10049999999998,-17.701999999999977,2.8884000000000016,-9.175200000000011,-22.776999999999962,2.8016999999999994,24,January,2023
24,-22.87419999999999,12.242899999999999,-14.188400000000007,-21.701600000000035,-11.461699999999999,2.202099999999995,-5.406499999999986,-17.70160000000003,-16.30650000000001,0.6872000000000007,-13.015799999999988,-2.6252999999999984,-0.49480000000000035,25,January,2023
25,-20.29310000000003,10.566300000000018,-16.822999999999983,-24.867000000000044,-6.3156,-3.323000000000001,-4.049699999999995,-12.766999999999985,-23.249699999999983,1.9414999999999965,-15.696899999999989,-0.2095,-4.823000000000005,26,January,2023
26,-21.141799999999986,10.503900000000012,-26.289100000000015,-10.800900000000002,-5.870699999999994,-7.389100000000002,-9.346500000000018,-15.500899999999977,-28.546499999999984,8.24349999999999,-12.448199999999986,-3.1534999999999997,-4.289100000000002,27,January,2023
27,-20.903200000000016,14.945300000000023,-25.238900000000026,-0.9528000000000003,-6.537700000000008,-4.038900000000001,-12.118999999999977,-4.951099999999999,-24.819000000000024,8.771000000000013,-14.386800000000012,-9.595699999999992,-1.6390000000000016,28,January,2023
28,-27.443700000000046,9.996900000000013,-28.734499999999972,-0.25899999999999995,-8.463300000000013,2.0564999999999976,-15.358099999999965,-4.755499999999995,-30.858099999999965,4.531899999999997,-12.546299999999997,-18.361000000000026,-0.8409999999999986,29,January,2023
29,-29.754499999999965,8.109900000000009,-29.655299999999965,-1.736300000000002,-11.130099999999993,1.1381000000000008,-15.212200000000026,-2.935800000000001,-35.51220000000001,-6.612200000000012,-12.035499999999997,-1.5516000000000014,-3.5553000000000026,30,January,2023
30,-26.403100000000013,9.867999999999993,-28.245299999999972,-1.9460999999999984,-7.730800000000001,4.0447000000000015,-10.690499999999986,-6.744699999999997,-28.690500000000053,-7.890500000000014,-15.986899999999986,1.2803,-2.4452999999999987,31,January,2023
31,-21.970700000000015,10.029800000000009,-29.596400000000006,-6.093600000000006,-7.542799999999986,3.2943999999999973,-3.488800000000002,-9.793599999999989,-19.188800000000032,-6.888799999999988,-21.5193,-3.230199999999999,0.7975000000000005,1,February,2023
32,-19.09230000000002,12.655700000000007,-30.71910000000003,-1.174300000000001,-10.005699999999988,-0.5256999999999998,-1.2723000000000004,-2.3713999999999973,-20.8723,-1.6723000000000001,-21.397699999999997,-2.911299999999999,1.8719999999999988,2,February,2023
33,-14.049100000000017,14.110299999999995,-24.525799999999983,0.33100000000000046,-7.1036,2.5649,0.10239999999999999,-3.6641999999999975,-17.79240000000003,-1.2924000000000013,-21.640900000000016,-1.9493999999999994,3.2641999999999998,3,February,2023
34,-9.111200000000013,14.98630000000002,-15.43280000000001,-6.157200000000002,-7.379900000000007,4.457199999999995,2.657200000000001,-4.057200000000002,-20.575404355400593,4.856099999999994,-24.07880000000002,-8.194100000000002,7.357200000000006,4,February,2023
35,-8.059900000000006,11.624100000000004,-12.88319999999999,-2.2077999999999975,-4.1741999999999955,-0.790099999999999,0.15569999999999973,-10.40680000000001,-10.537599999999987,6.152399999999992,-19.830100000000026,-6.939199999999994,1.1096999999999988,5,February,2023
36,-13.2842,11.053300000000009,-18.093299999999985,-4.596700000000003,-2.896300000000004,-0.19979999999999998,-3.5811,-7.996699999999988,-15.993705010160998,6.908900000000009,-14.905799999999985,-3.6181000000000028,-0.4998,6,February,2023
37,-13.400399999999985,10.572700000000005,-21.91329999999999,-0.3798999999999998,-3.2754999999999974,-0.12010000000000004,-2.6211000000000024,-10.376700000000012,-12.473395918763678,7.368900000000004,-12.589600000000013,-3.4041000000000015,2.077499999999997,7,February,2023
38,-7.75389999999999,8.932799999999993,-25.236800000000006,0.6766999999999994,-3.8913999999999955,-0.03279999999999993,4.061799999999991,-9.125200000000005,2.0349000000000004,9.881600000000017,-9.580100000000003,1.220400000000002,1.2343999999999986,8,February,2023
39,-7.650000000000003,9.987099999999991,-21.740600000000004,0.4999999999999995,-5.122899999999994,4.8973999999999975,6.176399999999996,-9.597400000000004,1.5029000000000001,14.214400000000003,-14.319999999999991,-2.0670999999999973,2.847900000000002,9,February,2023
40,-9.500999999999992,10.102500000000006,-21.667999999999996,0.2258000000000003,-4.743600000000003,7.177999999999995,5.8309999999999915,-8.427999999999995,1.778500000000001,15.042000000000023,-13.849000000000007,-2.7043999999999984,3.4032999999999993,10,February,2023
41,-9.314700000000014,9.537699999999996,-21.22249999999998,-0.5552000000000001,-4.182500000000001,7.812499999999993,5.795599999999992,-6.372500000000007,3.2356999999999982,14.097600000000018,-16.17830000000002,4.319700000000006,3.0810000000000013,11,February,2023
42,-4.191199999999995,12.362899999999991,-14.062100000000008,0.3276000000000001,-4.917299999999993,3.1587,5.267099999999991,-3.475899999999996,-0.5791999999999997,13.972099999999989,-15.87979999999999,2.0774999999999975,2.6697000000000033,12,February,2023
43,-3.7367000000000044,12.83100000000001,-7.116999999999987,-0.8011999999999999,-5.654699999999998,2.4464999999999977,5.888200000000008,-5.3680000000000065,-5.112799999999998,15.232199999999972,-13.944300000000014,2.5071000000000008,3.649200000000006,13,February,2023
44,-2.9189000000000003,11.756700000000007,-6.0602999999999945,-1.9548999999999987,-5.988599999999995,1.1477999999999995,5.580100000000008,-6.768700000000001,-6.106900000000004,15.366099999999967,-13.084100000000008,2.7334000000000005,4.347700000000009,14,February,2023
45,-3.9577999999999958,11.616200000000008,-4.89790000000001,-2.4593999999999987,-5.712399999999997,2.348299999999997,4.966700000000003,-5.730099999999994,-6.666299999999995,16.163699999999988,-13.751200000000024,-0.07120000000000001,2.8494000000000024,15,February,2023
46,-4.2740999999999945,7.972099999999988,-3.993699999999998,-2.6186000000000025,-5.5745,4.509300000000002,5.431399999999993,-4.918300000000005,-10.886599999999998,14.145399999999986,-12.97989999999998,-1.735800000000001,1.1498000000000015,16,February,2023
47,-4.431800000000002,7.15659999999999,-8.13320000000001,-2.9491000000000036,-3.963999999999998,5.6388,6.193999999999992,-5.058800000000002,-12.887000000000002,13.224000000000004,-12.218199999999989,-2.404000000000003,-0.1637,17,February,2023
48,-4.055000000000003,7.301400000000009,-8.270200000000006,-1.9402000000000001,-4.348400000000005,4.319799999999995,5.594000000000005,-3.8839999999999986,-10.402000000000017,13.078000000000001,-12.310999999999993,-6.559600000000002,-1.3899999999999983,18,February,2023
49,-4.211999999999994,8.229000000000005,-0.1488000000000001,0.7916000000000003,-7.957200000000006,4.083600000000003,4.351700000000005,0.5579,-17.938499999999966,11.235500000000009,-12.001999999999999,-9.111099999999986,-0.5955999999999999,19,February,2023
50,-5.396399999999993,8.990800000000004,-0.7702999999999993,-0.3588000000000001,-11.477400000000003,3.8266000000000053,3.0821000000000014,-0.19030000000000022,-19.220399999999994,14.093600000000032,-12.839600000000019,-7.419600000000003,1.087700000000001,20,February,2023
51,-7.183499999999993,8.856600000000016,-5.236100000000005,-3.154300000000001,-14.002099999999974,3.6012000000000013,1.8273999999999992,-1.7413999999999994,-20.811000000000032,12.712999999999996,-12.8585,-5.5325999999999995,2.5672999999999986,21,February,2023
52,-7.201999999999994,8.578700000000003,-23.317100000000035,-7.5518999999999945,-16.0144,4.042899999999996,5.9451,-1.9999000000000016,-14.659899999999983,10.6511,-11.256999999999996,-13.5045,1.0922999999999994,22,February,2023
53,-4.739500000000003,8.167800000000003,-26.679199999999952,-9.561799999999991,-16.581000000000007,3.7617999999999983,7.201399999999998,0.33340000000000025,-9.848600000000006,12.0654,-11.6655,-14.938600000000017,-1.7900000000000005,23,February,2023
54,-6.924200000000008,8.703700000000005,-21.418300000000016,-11.823700000000008,-17.710099999999976,0.21159999999999995,8.881199999999993,-2.122700000000002,-12.588799999999999,12.329199999999993,-7.829800000000014,-17.57400000000002,-1.5533000000000003,24,February,2023
55,-9.413400000000005,9.563700000000004,-21.0992,-10.628800000000005,-15.329899999999991,-0.4362000000000007,6.320999999999994,-1.2757000000000016,-13.274999999999999,11.484999999999992,-7.886600000000007,-15.402100000000011,-0.5869000000000003,25,February,2023
56,-9.769100000000007,11.930800000000003,-17.7593,-6.730700000000004,-4.951100000000002,1.034100000000001,4.0285000000000055,1.559300000000001,-22.062400000000007,12.3276,-12.32090000000001,-14.836000000000013,0.43420000000000003,26,February,2023
57,-7.655600000000009,13.114599999999996,-17.04500000000003,-11.245000000000005,-2.8576000000000015,-1.0510000000000017,3.5281000000000033,2.4451000000000014,-23.162300000000002,12.027699999999987,-12.634400000000023,-7.5478000000000005,1.048700000000002,27,February,2023
58,-7.38799999999999,14.95360000000001,-14.569800000000027,-6.320200000000003,-2.9334999999999987,-4.969799999999995,4.1037,2.7697999999999974,-12.78669999999999,11.30330000000001,-11.301999999999998,-6.019600000000001,3.021200000000001,28,February,2023
59,-8.1475,9.471399999999996,-8.363499999999986,-0.6688000000000004,-3.220999999999998,-0.5043000000000002,3.8254,1.7362999999999988,-8.86090000000001,13.573100000000002,-11.2105,-12.725399999999986,4.814500000000001,1,March,2023
60,-8.089099999999991,8.857300000000006,-9.769099999999979,0.33689999999999953,-3.7124,1.6825000000000014,6.0516999999999985,-0.13230000000000003,-7.5943000000000085,16.279700000000027,-10.948900000000004,-11.3465,4.288899999999997,2,March,2023
61,-6.138899999999994,12.113199999999988,-8.420199999999992,-0.008899999999999807,-4.339700000000003,2.1397000000000004,6.451100000000006,-1.526700000000001,-5.704899999999991,19.048099999999973,-8.044099999999991,-2.7626999999999997,2.790499999999997,3,March,2023
62,-7.61120000000001,14.761899999999985,-10.248099999999997,0.026900000000000163,-6.597699999999993,3.888899999999995,5.995199999999995,-2.946199999999999,-9.884799999999998,18.814200000000007,-6.405799999999995,1.4909999999999974,3.1024999999999996,4,March,2023
63,-6.459300000000001,14.145899999999997,-9.676499999999992,-0.22030000000000016,-8.027499999999991,3.5548999999999946,5.54189999999999,-3.8974999999999937,-7.972099999999991,16.299900000000022,-8.1577,-0.05560000000000005,-1.0226000000000013,5,March,2023
64,-8.669100000000013,9.333599999999992,-7.7376,-1.4535999999999993,-7.262299999999989,4.352399999999996,3.9133999999999936,-6.652400000000009,-4.7770000000000055,17.812999999999974,-10.220899999999986,-5.4287999999999945,-1.8376000000000017,6,March,2023
65,-8.309600000000003,9.98199999999999,-4.751999999999996,-5.2379999999999916,-6.6952999999999925,7.238,7.400799999999992,-7.438,-7.189200000000005,13.000799999999987,-13.28040000000001,-11.693200000000001,4.638000000000004,7,March,2023
66,-4.101500000000001,7.672800000000004,-2.7442000000000006,-2.9463000000000004,-8.11079999999999,4.445799999999996,8.248599999999998,-10.14580000000001,-11.141400000000012,12.048600000000015,-10.188499999999987,-5.5008000000000035,7.1458000000000075,8,March,2023
67,-2.927700000000001,7.89929999999999,-5.419200000000002,1.0192000000000012,-11.261299999999995,3.970800000000001,9.022399999999989,-3.1711999999999967,-12.367599999999987,14.22240000000002,-9.362300000000007,0.6036999999999991,2.1711999999999985,9,March,2023
68,-0.6359999999999996,9.109199999999992,-7.2993,0.10589999999999986,-12.286200000000019,5.490700000000007,10.891199999999987,-4.990700000000007,-14.098799999999997,8.091200000000004,-10.354200000000008,0.6106999999999991,7.990700000000001,10,March,2023
69,-0.1488999999999999,11.069299999999991,-7.326500000000014,-4.469500000000004,-12.373099999999983,7.619499999999992,7.566299999999983,-5.061500000000004,-14.973700000000019,8.392299999999985,-5.356199999999996,-2.3195000000000023,10.315500000000013,11,March,2023
70,-2.367699999999998,9.878299999999996,-1.3646999999999985,-6.2402999999999995,-11.149300000000006,1.805900000000001,7.978800000000009,-2.520000000000003,-14.59820000000002,9.423800000000009,-2.709299999999997,0.6986000000000009,7.956299999999994,12,March,2023
71,-1.170799999999998,8.971599999999993,0.6063999999999992,-6.319799999999995,-8.558799999999993,3.016199999999999,8.946399999999993,-1.8068000000000028,-14.853600000000023,10.096399999999994,-5.133199999999999,-0.11479999999999975,4.916200000000003,13,March,2023
72,-0.28839999999999993,10.243099999999995,0.9741999999999991,-6.3511,-4.676199999999995,4.556,8.454800000000004,-2.059200000000003,-14.909300000000028,12.09480000000001,-5.726599999999998,-0.20120000000000007,7.733100000000005,14,March,2023
73,-0.5845999999999998,10.413099999999986,0.6398000000000003,-3.116099999999999,-5.115599999999998,1.9802000000000022,5.171099999999995,-2.369199999999999,-14.023899999999987,13.36709999999998,-5.1305000000000005,2.5364999999999966,11.384300000000003,15,March,2023
74,-2.7737000000000007,8.537,0.19689999999999996,-0.2969000000000003,-6.234400000000002,0.8967000000000008,1.7963000000000013,-1.894599999999998,-9.495300000000007,12.79469999999998,-5.8162999999999965,-0.7308999999999994,9.493299999999994,16,March,2023
75,-5.833099999999999,9.508599999999996,3.283199999999995,-0.9858999999999987,-6.597199999999999,1.1858999999999982,-0.2830999999999992,-1.0859000000000014,-12.076699999999981,11.3133,-6.056899999999998,-2.8791000000000015,3.283199999999995,17,March,2023
76,-7.767200000000006,10.443199999999996,0.8264000000000001,-1.6923000000000008,-4.929399999999996,5.652499999999996,-0.7824999999999999,2.4565999999999963,-13.962500000000025,13.28850000000001,-4.419800000000002,-1.9292000000000016,0.7273999999999997,18,March,2023
77,-7.5548,12.914300000000003,-1.2476999999999998,-1.7444,-4.243099999999999,7.642399999999997,0.48789999999999906,7.1475999999999935,-15.80609999999999,12.483900000000016,-3.4352000000000005,3.4499999999999984,2.3443999999999985,19,March,2023
78,-9.613099999999998,11.431700000000012,0.5933999999999995,-1.2172999999999983,-5.1261999999999945,7.410999999999991,-0.30499999999999927,6.587000000000015,-6.59939999999999,14.364599999999973,-3.554900000000002,4.013199999999995,8.150000000000015,20,March,2023
79,-9.103399999999997,11.680199999999989,-1.6778000000000004,-0.4155999999999998,-4.826399999999997,7.212199999999995,9.554999999999984,7.077800000000008,-12.135000000000005,14.455000000000002,-2.9866,5.6924,7.712199999999993,21,March,2023
80,2.2230000000000016,12.684999999999988,-2.394299999999999,-1.4522999999999988,-3.4338000000000055,7.366800000000003,9.255200000000015,0.8649999999999994,-3.472899999999996,12.698200000000012,-2.2780999999999993,2.1767000000000034,8.2448,22,March,2023
81,4.441499999999996,14.822800000000015,1.9908999999999983,-1.3923999999999987,-4.940699999999989,8.889800000000019,7.298299999999994,2.9001999999999986,0.7009999999999992,14.998300000000008,-0.048800000000000045,1.8233000000000033,7.589799999999992,23,March,2023
82,5.355100000000009,17.856399999999997,1.0915999999999983,1.5810000000000008,-6.2178,7.2901000000000025,8.365800000000005,2.6338999999999997,1.4001000000000017,16.588800000000035,0.2911999999999997,1.3111000000000015,-1.0252,24,March,2023
83,4.365300000000001,13.9222,1.248900000000001,-0.6248999999999991,-7.19339999999999,7.550099999999984,8.796299999999988,5.9318999999999935,-4.7457000000000065,19.348299999999973,-3.333300000000004,1.933699999999996,-2.575899999999998,25,March,2023
84,0.7048000000000008,13.488400000000004,2.405400000000002,-1.2275,-7.415300000000007,6.539599999999995,7.235000000000008,11.245399999999986,-5.183,18.931999999999995,-3.5346999999999995,-0.46050000000000046,-2.1195,26,March,2023
85,-2.279400000000003,15.199299999999992,1.7398999999999996,0.7102000000000005,-7.455900000000005,4.205900000000002,7.429299999999995,6.331100000000005,-2.461699999999996,15.869300000000017,-3.9028000000000027,-1.080099999999998,-0.946500000000001,27,March,2023
86,-4.426700000000003,18.685499999999962,1.3639000000000003,0.8688999999999987,-6.2976,6.432099999999999,6.965699999999988,4.988900000000008,-2.315299999999997,15.01769999999997,-2.4593000000000003,-1.398400000000001,-0.7268000000000002,28,March,2023
87,-7.2744000000000115,20.845199999999988,1.9540000000000015,-0.1521,-3.6593999999999998,6.945000000000005,5.59120000000001,5.448999999999999,-6.286799999999996,7.645200000000005,0.6207000000000006,1.4044000000000005,-1.2072000000000003,29,March,2023
88,-4.307100000000003,17.69819999999999,3.2248999999999963,-1.2427000000000006,-1.8356999999999999,7.856399999999996,6.656000000000015,4.717599999999996,-9.182000000000016,6.639999999999992,4.223100000000001,0.7767999999999993,1.406,30,March,2023
89,-3.6268999999999982,20.006000000000014,0.7335999999999991,-0.33359999999999973,-1.4513999999999987,7.930999999999991,4.338799999999995,11.059000000000003,-10.551500000000019,11.33850000000001,6.326900000000012,5.506499999999999,8.531000000000002,31,March,2023
90,-6.371500000000011,19.801000000000005,3.364099999999997,0.6589,-1.480000000000003,6.394599999999998,4.8406000000000065,5.226400000000004,-7.973399999999995,13.11360000000002,3.8945,-2.5290000000000057,13.192599999999985,1,April,2023
91,-6.519199999999993,15.283400000000011,3.7475999999999967,2.6826000000000025,-1.8829999999999987,7.9656000000000065,3.858799999999998,3.7743999999999973,-7.38340000000001,10.06859999999998,0.08480000000000017,-4.749799999999999,11.393599999999992,2,April,2023
92,-5.091599999999996,12.977100000000009,0.8495999999999979,5.328800000000005,-2.4540999999999946,11.953200000000004,5.754699999999991,2.8758000000000044,-6.122300000000001,10.633699999999994,2.4166999999999983,-1.8389000000000006,13.164199999999978,3,April,2023
93,-3.3954999999999966,13.151799999999994,3.234799999999997,4.279799999999997,-2.125799999999998,14.960199999999979,4.636699999999998,4.779799999999997,-4.6522999999999985,12.908700000000009,3.4105000000000003,-3.2597999999999967,15.807200000000012,4,April,2023
94,-5.189699999999996,14.039499999999993,3.871899999999993,1.5540999999999996,-0.29760000000000053,15.495900000000013,7.0474,6.454099999999996,-4.898599999999991,14.615400000000017,2.7097000000000033,-2.7368000000000023,16.383899999999986,5,April,2023
95,-0.4431999999999994,13.456599999999995,2.0190999999999995,5.7417,1.6584000000000005,15.969300000000027,7.039399999999995,1.5077000000000016,-1.5227000000000015,13.69240000000001,2.899899999999999,3.726599999999997,13.862299999999982,6,April,2023
96,1.6108000000000005,14.974799999999991,5.820499999999992,8.877499999999996,2.968300000000001,14.856500000000018,6.68910000000001,1.347500000000001,0.9544000000000008,18.601099999999995,6.5034,2.634400000000003,12.038500000000006,7,April,2023
97,-1.0258000000000007,18.837999999999997,6.614100000000007,8.377899999999991,4.086300000000001,12.695099999999998,5.02720000000001,4.169900000000002,2.2717000000000014,17.477200000000025,10.214300000000003,4.146399999999996,9.018099999999995,8,April,2023
98,-3.6405999999999987,20.549599999999977,1.8301999999999992,4.6802,4.250599999999994,13.429800000000006,5.2150000000000025,3.6602000000000006,-0.9349999999999986,15.215,6.060600000000004,6.2272,8.329799999999988,9,April,2023
99,-4.315399999999998,19.106199999999987,0.7331999999999992,4.600099999999999,4.932599999999992,13.570899999999996,5.890100000000003,3.236099999999999,-2.3528999999999987,16.198100000000014,4.9394000000000045,7.586999999999996,8.174899999999994,10,April,2023
100,-2.6585,15.634999999999993,-1.1825000000000019,6.182499999999997,5.254499999999995,11.907500000000002,10.24149999999998,7.482500000000004,-3.248499999999998,20.441500000000016,2.9585000000000026,6.532999999999991,7.807499999999989,11,April,2023
101,-0.7370000000000004,17.51640000000001,-0.09640000000000004,8.790299999999984,6.660200000000001,9.499700000000004,10.02709999999998,5.090300000000003,0.5309999999999997,17.927099999999978,5.436899999999997,5.116800000000001,10.299700000000003,12,April,2023
102,1.5768000000000009,23.95860000000003,4.097300000000001,9.401699999999993,8.218199999999989,9.983299999999993,12.735700000000032,2.9377000000000026,-1.342799999999998,15.828700000000033,3.5603000000000056,5.385800000000004,12.310300000000002,13,April,2023
103,1.1526000000000014,23.32960000000001,6.956500000000009,10.021500000000012,9.059299999999986,13.860499999999993,11.556599999999987,3.705500000000001,1.030200000000002,15.568600000000027,2.9334,4.163599999999996,12.772500000000003,14,April,2023
104,5.202699999999993,21.390999999999984,8.658699999999984,11.771299999999998,8.068499999999995,12.024700000000001,11.232499999999993,4.529300000000004,0.9946999999999983,15.993500000000022,3.660300000000005,3.9524000000000026,11.504699999999982,15,April,2023
105,6.841699999999998,20.568299999999972,10.875499999999997,12.542499999999983,9.215599999999988,12.987500000000011,9.787799999999985,2.6824999999999983,0.5940999999999995,19.16380000000003,5.8963,4.520099999999997,10.563499999999985,16,April,2023
106,0.8504999999999991,17.406999999999982,13.6626,14.917400000000002,8.30139999999999,14.610599999999986,11.962299999999994,5.5033999999999965,0.8757000000000004,25.180300000000024,7.3375,5.628099999999996,10.424600000000003,17,April,2023
107,4.615499999999994,17.64230000000001,13.179799999999993,11.066200000000014,8.234899999999993,15.972800000000014,13.80429999999997,6.541199999999999,2.7578000000000054,24.28530000000001,9.056500000000003,7.4962000000000035,11.940799999999992,18,April,2023
108,6.746499999999997,17.916199999999986,11.466900000000004,10.507100000000012,9.448599999999992,16.318899999999974,13.275699999999977,4.207099999999998,2.8681999999999976,23.2597,10.191500000000008,8.488199999999999,12.5709,19,April,2023
109,8.59299999999999,21.07489999999999,11.496500000000001,12.789499999999999,11.092900000000009,17.530499999999996,14.237100000000021,1.4596000000000007,-4.772899999999995,17.813099999999984,11.230999999999996,9.28510000000001,13.310500000000015,20,April,2023
110,11.37159999999999,18.48899999999998,12.347499999999991,11.746500000000015,10.6988,20.013499999999972,17.786600000000014,3.776499999999998,-2.1834,20.210599999999975,10.084400000000011,7.08219999999999,14.833499999999985,21,April,2023
111,12.026900000000003,22.3384,7.325799999999986,14.864200000000013,11.331599999999986,21.225800000000014,17.677000000000014,3.1641999999999992,-1.9130000000000038,18.377000000000017,7.063100000000004,6.538399999999991,10.325799999999983,22,April,2023
112,8.134999999999996,26.136000000000013,9.686799999999991,15.303199999999972,11.753800000000014,16.986800000000006,11.620000000000012,5.503199999999997,2.120899999999997,18.91999999999998,11.154999999999987,5.630999999999997,9.186799999999993,23,April,2023
113,-0.5257,27.976600000000015,8.194599999999989,13.987400000000012,12.387599999999987,18.05059999999998,9.690100000000022,4.3814,1.5362999999999984,17.878100000000032,9.38050000000001,4.214100000000003,13.59859999999999,24,April,2023
114,2.3511999999999977,24.416599999999967,3.4192000000000022,15.270800000000023,12.093200000000017,18.31920000000003,11.915300000000002,5.470799999999996,-1.2746999999999984,19.71530000000004,11.538800000000014,4.816999999999995,15.4192,25,April,2023
115,1.3431000000000008,26.926599999999958,2.8941,15.997200000000012,9.478500000000011,19.692800000000027,13.677199999999988,9.397199999999993,4.277599999999993,16.5772,14.946899999999985,4.724300000000007,14.792799999999977,26,April,2023
116,5.9863000000000035,18.57449999999999,3.6518000000000033,15.838199999999981,5.814799999999998,20.25179999999999,14.978400000000027,7.23820000000001,3.879200000000004,18.278399999999998,16.103699999999986,3.2890999999999986,15.65180000000002,27,April,2023
117,9.513299999999989,16.296100000000013,9.52100000000001,17.008999999999986,5.879299999999995,22.381000000000014,16.365699999999993,7.292999999999989,2.8739000000000066,20.78969999999996,11.812700000000005,4.495500000000003,19.12500000000003,28,April,2023
118,9.74450000000001,16.810300000000005,12.414000000000005,15.056000000000008,1.2802000000000004,21.983999999999988,17.33030000000002,12.013999999999989,1.6775999999999993,17.61830000000002,12.427499999999995,5.303799999999996,19.761999999999972,29,April,2023
119,8.335000000000013,18.53860000000003,15.54550000000002,13.644499999999992,-1.9049000000000023,19.345500000000015,12.37150000000002,15.644499999999988,4.37200000000001,17.971499999999985,8.955000000000009,4.4336000000000055,20.145499999999984,30,April,2023
120,11.864700000000019,19.70290000000002,16.20789999999999,11.582100000000016,-0.8294999999999996,15.307900000000016,8.978399999999988,10.082100000000013,3.678900000000007,19.578399999999952,12.025300000000017,3.1078,21.207899999999977,1,May,2023
121,9.625000000000002,21.93879999999998,16.916900000000034,2.8731000000000004,1.5262000000000011,14.416900000000028,8.37290000000001,8.273100000000003,4.17299999999999,18.572900000000015,20.464999999999964,5.433800000000002,22.716899999999992,2,May,2023
122,1.7736000000000025,18.910499999999978,17.888600000000025,2.1974000000000027,2.541200000000002,10.414600000000021,9.641599999999997,7.6323999999999925,2.752999999999998,19.04459999999998,16.69440000000002,8.3936,21.72959999999999,3,May,2023
123,1.9818000000000027,22.103799999999968,14.805299999999981,5.394699999999992,4.8206000000000016,9.965300000000012,11.145000000000008,3.9146999999999936,5.570000000000005,21.144999999999982,14.60820000000002,8.387199999999998,23.00529999999999,4,May,2023
124,3.370999999999999,22.60669999999998,14.918299999999979,7.661699999999996,4.335299999999993,10.358299999999991,10.572900000000025,3.9416999999999955,6.0478999999999905,21.972900000000028,14.61900000000002,7.072300000000007,24.5183,5,May,2023
125,0.8195999999999988,20.05300000000002,20.497599999999988,8.792399999999986,2.9876999999999976,12.697600000000014,8.359899999999987,4.3923999999999985,6.859899999999994,19.35989999999997,10.170399999999983,8.246200000000007,22.897600000000015,6,May,2023
126,1.4250000000000014,23.94619999999999,12.810699999999986,11.479299999999991,5.3937999999999935,16.310699999999983,10.21489999999998,9.479299999999993,6.614900000000003,19.9149,7.6649999999999885,4.641199999999995,18.11069999999998,7,May,2023
127,8.060099999999993,19.204200000000018,10.9499,7.240099999999996,5.272099999999998,17.24990000000001,9.48979999999998,8.240099999999996,4.7898000000000085,21.689800000000005,8.329900000000002,7.910899999999987,18.149899999999974,8,May,2023
128,9.99619999999999,20.62189999999998,13.410600000000006,9.586399999999998,4.500999999999997,15.577600000000011,15.268499999999976,5.790400000000004,3.0638999999999985,23.553499999999964,9.941800000000013,8.041299999999996,19.555600000000016,9,May,2023
129,7.9185000000000025,22.388400000000004,18.139199999999978,11.40980000000001,4.146999999999997,11.797200000000009,18.864500000000017,8.979799999999996,7.3455000000000155,23.73649999999999,12.592500000000014,10.894599999999995,21.276199999999974,10,May,2023
130,9.014699999999994,22.874499999999994,21.239799999999978,11.018200000000009,0.7924000000000007,12.755800000000008,16.790499999999994,7.958200000000002,7.602500000000018,24.43449999999999,12.567300000000007,10.045899999999993,21.163799999999988,11,May,2023
131,12.352400000000024,23.074199999999973,22.320999999999994,12.47100000000002,-2.2149000000000014,12.529000000000002,16.229799999999987,15.012999999999986,6.301799999999995,22.071800000000017,15.593600000000016,4.596599999999996,20.903000000000034,12,May,2023
132,13.38549999999998,19.799100000000017,21.227299999999993,3.8787000000000016,-0.8135000000000007,16.607299999999995,17.962700000000044,13.310700000000013,6.800700000000006,21.08670000000005,17.398500000000027,2.683599999999998,18.967299999999973,13,May,2023
133,12.088299999999998,21.41329999999997,24.682800000000025,2.2412000000000036,0.9382999999999996,13.57180000000001,13.30419999999999,8.309199999999985,8.639199999999992,22.710199999999986,22.856700000000043,4.055200000000005,23.984800000000003,14,May,2023
134,12.178599999999996,21.023999999999997,25.356300000000033,4.5697000000000045,-0.23850000000000038,11.942299999999996,13.294000000000024,10.337699999999984,8.419999999999993,23.76999999999998,21.805400000000027,3.918499999999998,23.68029999999996,15,May,2023
135,13.53379999999998,22.274000000000015,26.446499999999993,7.144499999999998,2.3457000000000043,15.273499999999986,15.352499999999985,9.978500000000016,9.096500000000015,26.277500000000003,21.616200000000028,3.7654000000000036,23.46249999999999,16,May,2023
136,12.408300000000002,25.06740000000002,25.440299999999983,7.8037,3.4738999999999978,15.850300000000013,18.501699999999968,8.341699999999998,9.393699999999988,25.859699999999993,21.483699999999978,5.050199999999995,22.05829999999999,17,May,2023
137,16.74199999999998,22.623700000000007,19.018300000000004,8.871699999999997,6.267500000000005,10.718299999999994,22.618000000000006,8.971699999999998,11.317999999999994,23.01799999999996,24.647999999999964,5.9202999999999975,21.218300000000013,18,May,2023
138,16.806900000000013,23.466299999999954,13.220600000000015,11.669400000000005,8.18040000000001,13.120599999999982,28.431000000000026,11.869400000000011,10.831000000000007,22.631000000000018,18.78310000000002,7.150499999999993,21.3206,19,May,2023
139,15.904900000000012,27.331800000000026,19.546100000000028,10.371900000000013,9.933199999999985,13.847100000000005,29.90039999999998,10.40489999999999,8.498400000000013,23.950400000000027,18.357099999999967,14.35679999999998,22.165099999999992,20,May,2023
140,16.451700000000006,27.32010000000002,19.763400000000026,10.95860000000002,10.604699999999987,12.65739999999998,27.690000000000033,11.460599999999985,9.102000000000016,25.090000000000035,17.006299999999968,16.290299999999984,22.449400000000022,21,May,2023
141,15.48729999999998,28.017699999999994,22.640300000000007,11.133699999999994,10.440999999999985,15.024299999999977,21.996299999999998,13.985699999999982,8.800300000000016,24.42030000000003,22.846700000000013,16.717900000000014,23.74030000000002,22,May,2023
142,16.525100000000005,27.768100000000004,23.81809999999999,11.80189999999999,11.469799999999987,18.06909999999998,25.889400000000055,13.56790000000001,8.346400000000012,24.453399999999974,22.743900000000018,14.247100000000007,24.925100000000008,23,May,2023
143,16.41889999999998,27.25140000000001,24.1297,11.474299999999996,12.488399999999997,20.420699999999975,27.88740000000001,10.178300000000016,6.579400000000005,27.260400000000068,19.697099999999967,12.00940000000001,25.893699999999964,24,May,2023
144,17.423099999999977,25.049300000000006,23.89570000000005,12.894300000000005,13.680799999999993,21.19570000000001,26.63409999999998,8.994299999999999,10.934100000000003,24.534100000000034,17.966899999999967,14.943899999999994,22.795699999999997,25,May,2023
145,17.46629999999998,25.579200000000014,24.4358,14.391200000000017,13.735699999999994,24.06480000000004,22.633099999999985,8.357200000000008,9.940099999999992,23.73410000000004,18.21470000000002,10.444400000000014,22.657800000000037,26,May,2023
146,15.831200000000019,25.84650000000002,23.365999999999996,17.124000000000024,15.235099999999983,24.565999999999967,11.962900000000023,9.424,12.062899999999978,24.662900000000047,19.458799999999965,7.836900000000013,23.065999999999967,27,May,2023
147,12.40759999999998,24.162900000000015,17.347599999999982,16.662399999999977,16.062899999999985,21.79159999999999,14.156299999999998,9.806400000000004,12.312299999999977,25.0683,23.44640000000001,7.281099999999993,22.64760000000003,28,May,2023
148,12.900599999999987,25.51889999999998,14.038399999999983,18.191599999999983,16.541399999999985,23.91139999999996,15.963899999999969,10.089600000000008,10.91589999999999,24.917899999999985,24.37739999999995,9.545499999999999,23.788400000000035,29,May,2023
149,15.027199999999986,26.264799999999983,15.11349999999999,20.788500000000017,13.98739999999999,25.456499999999995,17.762800000000027,11.925500000000016,10.636799999999976,26.755799999999994,25.638800000000018,17.461599999999986,25.582500000000028,30,May,2023
150,15.539300000000015,27.99420000000002,18.259600000000013,18.75840000000003,10.066500000000012,23.30160000000002,19.966399999999986,13.336400000000001,10.422400000000016,28.308400000000034,22.894699999999997,19.54739999999998,25.845600000000005,31,May,2023
151,16.412599999999987,26.712499999999995,20.75550000000002,13.779499999999995,9.559900000000008,24.025500000000008,18.207999999999984,14.639499999999984,11.732999999999993,25.84799999999997,22.037399999999984,18.236700000000013,24.000499999999988,1,June,2023
152,17.478800000000025,28.620900000000038,21.89210000000005,11.469900000000019,11.725299999999997,23.644100000000012,18.77059999999998,13.985899999999981,11.95060000000001,26.134599999999963,21.247199999999953,16.682499999999973,22.584100000000003,2,June,2023
153,17.281400000000023,29.692899999999977,23.912699999999994,12.501300000000008,11.252700000000011,23.85270000000001,23.341800000000053,14.413299999999971,11.375800000000009,24.63380000000001,23.474599999999995,15.284699999999981,22.5827,3,June,2023
154,18.528399999999987,27.74349999999998,25.306899999999988,15.98209999999998,9.418700000000012,25.81989999999999,27.281600000000036,11.981099999999984,10.094600000000009,25.63259999999997,26.000599999999945,18.394399999999976,19.931899999999974,4,June,2023
155,20.23240000000003,25.880600000000026,24.218700000000016,16.923299999999983,10.060800000000002,26.108700000000013,27.39060000000003,12.967300000000007,11.442599999999986,30.520600000000027,27.83959999999997,12.770199999999996,21.426699999999993,5,June,2023
156,18.99809999999998,26.214999999999986,23.877,16.53699999999998,10.419799999999983,27.13199999999995,28.18590000000001,14.765000000000008,11.509900000000002,27.220899999999997,24.25089999999999,9.99420000000001,22.72300000000001,6,June,2023
157,17.120100000000015,25.909800000000022,19.900099999999973,16.589899999999982,8.995399999999995,27.17609999999997,22.679300000000012,15.821899999999982,14.651300000000024,26.727299999999964,24.07389999999995,11.750499999999986,21.784099999999995,7,June,2023
158,16.603800000000014,30.064000000000032,20.00469999999998,18.810299999999984,7.846199999999991,29.047700000000006,20.64929999999997,11.811300000000001,11.9703,28.138300000000005,27.008199999999974,14.585599999999976,21.516699999999982,8,June,2023
159,13.977899999999986,27.761200000000017,21.673600000000032,13.530400000000004,9.787300000000005,25.438599999999983,22.237299999999962,15.06040000000002,14.604299999999991,27.024299999999958,24.37710000000003,11.75849999999998,24.725599999999986,9,June,2023
160,10.559,28.010999999999978,25.985899999999997,10.304099999999996,13.466999999999985,23.785899999999984,17.71860000000002,19.804099999999995,16.01860000000002,26.81860000000001,27.631000000000025,10.113999999999983,25.68589999999999,10,June,2023
161,7.92829999999999,27.386699999999983,23.543400000000005,13.538599999999983,16.06709999999997,21.145399999999974,19.74059999999995,19.4746,18.238599999999956,26.959600000000023,30.657700000000037,13.925799999999992,27.203399999999974,11,June,2023
162,8.878799999999991,24.397799999999975,23.218299999999985,16.471699999999977,11.661099999999976,17.818300000000033,20.80849999999995,14.271700000000019,19.90850000000002,24.20849999999999,32.51120000000005,15.975299999999981,25.818300000000036,12,June,2023
163,8.78739999999999,22.018399999999996,22.089199999999984,18.4508,13.713799999999985,18.48919999999998,20.01850000000004,10.998800000000006,15.829499999999996,25.81950000000001,29.523600000000037,9.159199999999988,29.455200000000012,13,June,2023
164,9.328599999999991,20.827400000000033,20.040199999999974,15.751799999999985,12.214400000000003,21.900199999999995,19.53730000000002,10.47980000000001,15.148300000000027,26.782299999999974,29.270400000000024,8.980599999999985,30.614199999999947,14,June,2023
165,9.9411,21.354300000000013,19.891799999999975,16.81620000000001,10.263999999999992,20.60379999999998,17.986100000000025,10.5402,16.272100000000034,26.324099999999994,29.49190000000002,10.230000000000002,30.740799999999957,15,June,2023
166,6.6020000000000065,22.831799999999983,17.72609999999999,16.664899999999985,8.225999999999997,23.995100000000022,18.129899999999978,10.46590000000001,19.21790000000001,27.261899999999997,25.999000000000027,10.020799999999994,24.745100000000026,16,June,2023
167,7.397600000000003,24.269200000000005,19.65989999999998,10.523099999999985,7.456500000000006,26.51089999999999,12.453899999999999,12.3051,15.729900000000018,28.305899999999994,26.363399999999974,8.266300000000006,25.97189999999999,17,June,2023
168,6.014300000000003,23.88639999999999,21.580599999999986,10.758399999999993,7.565599999999994,24.273599999999988,14.054199999999971,14.61940000000002,14.866200000000013,27.211199999999995,26.89970000000001,10.266300000000015,23.734599999999986,18,June,2023
169,7.030099999999993,25.21080000000001,18.55210000000001,9.222899999999992,7.509400000000005,25.097100000000008,17.134699999999967,11.367899999999985,14.666699999999985,27.40769999999999,28.98789999999998,12.168200000000002,23.466100000000004,19,June,2023
170,11.41659999999999,26.36030000000001,16.82979999999998,9.760200000000003,9.514500000000009,22.029799999999973,17.30449999999999,12.960200000000016,13.504500000000016,28.104499999999963,25.27339999999999,14.651499999999976,21.829799999999977,20,June,2023
171,10.792299999999996,25.589700000000004,22.490299999999976,8.099699999999988,12.574199999999983,19.290299999999966,15.694299999999991,13.099699999999977,12.99429999999998,25.894299999999983,21.997700000000027,15.873800000000003,22.1903,21,June,2023
172,8.943699999999989,27.134399999999964,28.567599999999953,8.160400000000008,14.936599999999991,20.120599999999975,17.412700000000022,12.467400000000014,11.742699999999989,24.741699999999987,21.76730000000002,16.736300000000025,22.822599999999994,22,June,2023
173,8.730099999999991,27.044,21.890399999999982,12.599600000000024,15.913300000000007,22.990400000000033,14.80690000000003,11.399600000000012,13.606899999999998,25.20690000000002,25.65989999999996,12.140699999999987,23.0904,23,June,2023
174,8.595000000000008,24.688799999999972,21.225400000000022,16.164600000000018,16.21560000000001,21.72540000000002,16.161900000000013,12.964599999999985,15.161900000000013,26.36189999999998,28.595000000000024,16.77120000000003,24.7254,24,June,2023
175,8.793499999999996,26.72140000000003,22.028499999999962,18.469500000000025,17.668400000000023,22.480499999999992,16.22790000000003,12.133499999999993,14.199899999999982,27.26790000000004,34.20050000000005,21.92260000000003,26.528499999999944,25,June,2023
176,8.436200000000012,28.326400000000017,24.424399999999995,18.365599999999986,16.050199999999997,22.204400000000025,16.00880000000003,12.717600000000019,12.64880000000001,27.40480000000001,33.42180000000004,19.611999999999973,28.92440000000001,26,June,2023
177,6.1175,28.688199999999988,25.881600000000013,19.412399999999966,13.679299999999994,21.982600000000005,16.69820000000003,14.164399999999992,13.484200000000026,26.753200000000007,32.90450000000005,16.7428,30.381600000000038,27,June,2023
178,3.5252000000000034,27.58059999999999,24.90170000000005,15.738300000000015,10.485999999999985,27.137699999999985,18.0691,16.4783,12.691099999999999,26.0881,32.49179999999996,19.52800000000003,31.777700000000024,28,June,2023
179,8.209299999999995,30.566700000000036,18.894899999999975,14.195100000000007,10.896100000000006,27.49490000000003,18.565999999999963,17.495099999999976,14.065999999999981,28.16600000000002,29.380699999999983,24.552900000000026,29.094899999999974,29,June,2023
180,12.444900000000017,28.860000000000035,14.767199999999995,12.211799999999984,12.373200000000011,24.822199999999956,20.78309999999996,18.80980000000001,17.35010000000002,29.41310000000002,31.062099999999937,24.19279999999998,28.265199999999954,30,June,2023
181,15.411599999999979,30.989799999999978,20.42220000000002,13.376800000000005,11.50839999999999,26.20519999999999,19.91710000000002,15.337800000000009,17.487100000000023,29.702100000000005,30.015399999999946,11.674399999999984,27.16519999999999,1,July,2023
182,13.8026,30.27170000000003,24.48539999999998,13.558599999999998,10.788400000000008,28.03939999999999,20.563300000000027,15.07859999999999,14.096299999999987,29.284299999999966,29.29340000000003,11.373499999999995,22.79339999999997,2,July,2023
183,12.895599999999995,30.818900000000035,26.08849999999997,15.600500000000006,10.894500000000003,27.377500000000005,20.634100000000025,15.90550000000002,14.027099999999983,30.25009999999997,25.8654,11.697299999999984,24.811499999999988,3,July,2023
184,12.18640000000001,29.222900000000028,28.596300000000046,13.0197,13.383699999999994,26.904299999999992,20.844399999999997,18.507700000000014,14.492400000000002,29.59639999999997,21.371600000000008,16.22470000000003,28.680299999999953,4,July,2023
185,12.373099999999997,29.17430000000006,29.149900000000063,12.880100000000017,13.299099999999985,28.10189999999997,21.36880000000001,19.5641,14.372799999999984,28.188799999999972,20.81690000000003,16.912400000000034,29.04989999999996,5,July,2023
186,13.366499999999998,28.07470000000005,28.97530000000003,14.68370000000002,13.051699999999988,25.877299999999988,22.720900000000032,18.105699999999995,15.1829,28.05889999999999,21.015500000000024,16.96510000000001,29.471299999999975,6,July,2023
187,14.92420000000001,28.25690000000002,26.164999999999978,14.253999999999994,14.07230000000002,25.928999999999963,26.51700000000003,16.07500000000002,17.021000000000026,27.371999999999993,22.447799999999994,14.45969999999999,30.70099999999997,7,July,2023
188,14.335999999999986,29.13350000000001,24.376700000000014,15.490300000000017,15.023500000000027,26.127699999999955,26.27830000000001,16.61430000000002,17.903300000000005,26.431300000000036,21.938,13.223499999999978,31.758699999999934,8,July,2023
189,15.310199999999984,30.0875,22.206500000000016,16.99950000000001,15.92850000000001,25.678499999999996,25.546499999999988,17.515499999999985,15.794499999999976,26.99050000000002,23.907800000000005,15.89649999999997,29.06249999999995,9,July,2023
190,14.897099999999998,28.14489999999996,21.9833,16.220699999999987,16.463600000000003,24.09030000000002,18.905700000000028,22.32270000000001,16.08769999999997,27.817699999999967,25.780899999999992,16.45379999999999,25.302299999999995,10,July,2023
191,10.9923,29.664699999999947,22.444200000000013,17.10380000000002,16.813199999999988,25.223200000000016,20.47359999999996,23.39780000000001,15.927599999999993,30.537600000000026,28.533700000000007,19.10279999999997,27.587200000000003,11,July,2023
192,15.682799999999977,28.71519999999995,15.324099999999982,15.905899999999988,16.673600000000008,26.799099999999964,22.110099999999992,23.478900000000024,22.855099999999947,32.77109999999999,26.980200000000046,17.01479999999998,28.12710000000003,12,July,2023
193,15.445199999999998,30.821500000000004,15.611200000000006,19.578800000000026,17.509100000000004,24.611200000000007,23.90630000000003,24.478799999999993,19.206300000000024,30.706299999999956,24.54480000000001,21.219900000000035,28.71119999999995,13,July,2023
194,16.589500000000026,28.82969999999997,21.679200000000037,17.581799999999998,15.402700000000017,27.304199999999977,27.049100000000063,20.11879999999997,15.103099999999984,31.917099999999962,26.542500000000036,24.816300000000034,28.527200000000008,14,July,2023
195,16.89739999999999,28.918500000000005,22.882900000000014,20.565100000000026,14.805699999999987,26.53289999999997,26.682300000000065,22.391100000000034,16.47430000000001,33.44630000000001,26.708599999999965,25.0603,26.886900000000004,15,July,2023
196,13.824799999999989,29.536700000000007,26.596599999999988,14.509399999999987,14.65870000000001,28.792600000000007,25.712999999999997,22.977399999999975,17.649000000000015,32.30499999999999,29.273199999999974,20.768300000000004,27.78059999999998,16,July,2023
197,13.540299999999993,31.698099999999982,26.281,16.514999999999983,14.349600000000017,28.866999999999983,24.596899999999984,24.852999999999987,17.897900000000032,31.968900000000023,28.777700000000003,20.018200000000025,27.39999999999996,17,July,2023
198,14.082500000000028,31.203399999999952,22.07129999999997,18.64470000000003,14.725500000000006,29.12729999999998,25.254399999999954,20.014700000000015,18.1624,30.577400000000054,29.591500000000007,18.48489999999997,27.72530000000004,18,July,2023
199,13.789300000000003,32.62439999999995,18.61199999999999,16.80599999999998,14.872799999999982,28.440000000000012,26.93259999999995,17.553999999999984,15.940599999999977,29.940599999999947,24.9087,23.909499999999998,27.051999999999968,19,July,2023
200,12.477999999999993,29.735299999999967,15.549400000000022,15.815599999999968,15.370299999999979,28.506400000000028,27.368099999999995,17.730599999999992,16.622099999999964,30.58609999999996,26.38800000000002,28.704600000000024,27.217399999999962,20,July,2023
201,13.452299999999989,29.516300000000005,15.638699999999982,18.10129999999999,16.164699999999986,30.400700000000008,26.351599999999998,20.491300000000027,17.315599999999968,30.139599999999977,24.653700000000008,28.594800000000006,23.126700000000024,21,July,2023
202,13.284100000000008,30.51409999999997,20.309700000000007,16.97529999999999,16.200899999999994,31.864699999999992,26.313899999999986,23.095300000000012,16.223899999999972,33.11889999999993,24.921000000000006,22.94210000000001,22.444699999999994,22,July,2023
203,13.086500000000001,31.696599999999954,21.3015,17.497499999999977,16.737900000000007,32.21849999999995,26.704999999999988,21.173499999999976,16.170999999999992,34.051999999999936,24.53850000000002,22.056100000000004,23.23249999999999,23,July,2023
204,14.578400000000006,30.23159999999996,22.208799999999982,17.016199999999976,14.953599999999996,31.179800000000004,26.87240000000003,20.05819999999997,16.90640000000001,33.09339999999995,24.803600000000028,21.03239999999997,23.15279999999999,24,July,2023
205,14.008500000000002,33.82830000000002,18.287499999999977,17.66849999999998,13.549099999999996,29.946500000000047,26.82520000000003,14.980499999999985,18.78620000000004,34.76820000000006,28.270500000000013,14.828799999999983,24.777499999999964,25,July,2023
206,16.876599999999986,33.71550000000006,17.39800000000002,17.829999999999984,13.119299999999988,29.31400000000001,28.794000000000015,15.15399999999998,17.013999999999985,33.540000000000006,29.093400000000017,13.567699999999991,24.936,26,July,2023
207,18.72300000000004,31.115100000000005,15.52769999999999,17.96730000000002,11.9499,29.414700000000053,29.63410000000002,16.485300000000016,14.90310000000003,30.614099999999986,25.37199999999996,14.59699999999999,25.160699999999967,27,July,2023
208,18.680199999999985,26.93540000000003,14.685699999999988,18.324299999999997,12.765200000000002,28.90370000000004,29.734400000000015,17.568300000000026,16.636400000000027,32.49240000000001,23.679799999999968,17.06509999999999,24.14169999999996,28,July,2023
209,19.325400000000005,30.267100000000017,17.06039999999998,17.953600000000016,13.15210000000002,29.77640000000003,28.41679999999998,15.32560000000002,17.324800000000028,32.321800000000046,23.673600000000018,18.399600000000014,23.571400000000022,29,July,2023
210,20.76840000000002,30.76580000000004,20.188099999999974,16.593899999999973,13.77330000000002,29.40910000000006,28.605900000000005,15.199899999999989,18.94490000000003,32.76190000000001,24.90160000000002,19.724599999999995,24.23110000000005,30,July,2023
211,20.08230000000002,31.800000000000004,24.555599999999984,18.41039999999997,13.76579999999999,28.945599999999978,30.85719999999997,17.994400000000027,18.615199999999962,34.07720000000003,25.615700000000015,18.42609999999999,23.94559999999997,31,July,2023
212,16.38850000000002,33.19520000000001,22.53869999999998,15.846299999999996,13.403799999999995,31.821699999999993,27.66820000000001,18.87830000000001,19.92220000000001,35.27020000000003,24.496500000000015,14.531099999999986,26.61369999999998,1,August,2023
213,17.19990000000003,33.27389999999996,21.293999999999986,15.375999999999987,13.160199999999989,32.58600000000003,27.208900000000025,19.584000000000024,20.834899999999998,34.76190000000003,25.15510000000002,14.69679999999998,26.83899999999999,2,August,2023
214,16.14240000000002,31.012599999999967,20.90549999999998,16.289500000000004,11.99280000000001,31.966500000000032,28.14740000000004,18.64949999999998,20.177400000000013,36.18339999999999,26.086600000000022,14.66400000000001,22.628499999999995,3,August,2023
215,15.905199999999986,31.685799999999972,21.878300000000014,16.926699999999983,10.788200000000002,27.428299999999993,28.687500000000014,15.671699999999982,18.417500000000018,34.87750000000006,28.114799999999956,18.471599999999984,20.698300000000017,4,August,2023
216,13.687599999999986,31.068199999999944,22.528399999999973,16.34559999999999,11.290300000000004,27.38840000000003,29.050000000000015,15.297599999999989,17.538000000000014,34.27400000000002,26.33039999999997,18.059799999999985,21.900399999999976,5,August,2023
217,14.24320000000001,31.092300000000005,29.703599999999987,15.822400000000002,12.4093,28.62660000000002,30.319699999999962,17.9784,17.411700000000017,33.14870000000005,26.087799999999937,18.036700000000017,26.139599999999994,6,August,2023
218,15.2393,31.61429999999997,30.514299999999977,15.847699999999984,12.419599999999992,29.095299999999988,30.49519999999999,18.459700000000012,16.561199999999996,33.666200000000046,25.69969999999994,17.83940000000002,26.836300000000016,7,August,2023
219,15.902900000000006,31.79149999999996,30.53350000000004,16.54850000000001,10.928699999999987,28.1155,27.3675,17.372500000000024,17.333500000000015,34.20150000000002,26.30309999999994,16.773299999999992,27.47949999999998,8,August,2023
220,16.19620000000002,31.882699999999982,30.238500000000034,16.393500000000003,9.610299999999985,26.5185,27.036999999999974,16.713500000000025,17.817000000000007,33.82300000000005,27.189799999999956,18.743699999999986,27.106499999999972,9,August,2023
221,17.534399999999987,32.983099999999986,27.76890000000002,14.160099999999993,10.950299999999986,26.75890000000004,27.083599999999986,16.43010000000001,18.608599999999992,32.56659999999997,27.211599999999944,18.213700000000014,27.969900000000038,10,August,2023
222,18.957900000000016,31.296499999999973,25.68329999999999,12.753700000000027,12.084200000000004,29.53230000000003,27.770799999999998,18.66769999999998,20.735799999999962,31.890799999999967,26.13109999999999,16.979299999999974,28.352300000000028,11,August,2023
223,15.838500000000018,31.123399999999975,22.864400000000018,13.720599999999992,12.191200000000007,27.652400000000025,26.130099999999988,20.379599999999986,19.817100000000018,33.03109999999999,24.658499999999993,15.387700000000006,28.057400000000026,12,August,2023
224,23.600900000000035,32.18060000000005,19.70089999999999,16.78910000000001,12.08679999999999,26.80090000000001,21.596300000000014,22.38910000000002,17.49629999999996,34.69630000000006,20.789100000000023,16.560900000000014,27.800900000000006,13,August,2023
225,13.481000000000005,34.3806,22.2969,16.116100000000014,12.397600000000013,27.863899999999965,21.61999999999999,22.691099999999995,17.54700000000001,34.054,22.70999999999995,14.91639999999997,28.794899999999995,14,August,2023
226,12.825099999999985,34.3958,24.82689999999999,14.901099999999984,12.784600000000019,28.553900000000027,22.3059,21.37409999999997,16.931899999999985,33.40189999999996,22.4389,14.151399999999978,29.705900000000053,15,August,2023
227,14.096899999999984,34.590299999999964,29.313799999999986,16.190200000000022,12.438399999999994,26.591800000000045,21.859600000000032,20.730199999999996,17.655600000000028,32.71260000000004,23.12610000000003,13.940499999999986,31.32779999999998,16,August,2023
228,13.177199999999985,36.104000000000035,32.850299999999976,17.217700000000026,12.16840000000002,24.71929999999998,21.480200000000035,18.619700000000027,17.467200000000034,33.279199999999975,26.04979999999999,14.496599999999978,29.872300000000028,17,August,2023
229,14.907100000000016,35.20100000000004,29.589599999999976,17.447400000000027,12.229200000000022,25.35859999999998,22.619,15.908400000000007,18.924000000000003,29.44000000000001,27.540899999999997,13.362300000000005,27.274600000000014,18,August,2023
230,16.47880000000002,33.57839999999999,29.137699999999967,17.253300000000014,11.844200000000015,25.078699999999984,21.781000000000002,16.14430000000001,20.388,30.426000000000045,28.925200000000036,12.649999999999993,26.416700000000006,19,August,2023
231,14.546099999999974,29.751199999999994,32.116800000000026,17.873199999999976,11.957500000000003,26.881799999999956,20.93630000000003,15.353200000000017,19.556299999999997,31.831300000000002,27.64389999999998,11.949899999999984,25.806800000000006,20,August,2023
232,9.67979999999999,26.951200000000025,29.55749999999999,18.080500000000026,12.91559999999999,29.6815,20.97289999999997,17.50850000000001,18.55690000000003,31.572900000000022,25.174200000000056,14.765699999999981,27.001500000000036,21,August,2023
233,10.324599999999993,25.57719999999999,29.06089999999996,19.102099999999997,10.444999999999999,29.323899999999966,19.72979999999998,18.40109999999997,19.01079999999999,30.985800000000012,24.807400000000044,15.215399999999983,27.78690000000003,22,August,2023
234,11.07900000000001,26.2751,26.182400000000015,21.505599999999973,8.516099999999994,28.382400000000008,20.257000000000016,17.62259999999997,18.138999999999992,31.285999999999962,23.452,15.945400000000006,28.189399999999992,23,August,2023
235,9.40400000000001,25.514600000000026,22.668100000000017,15.619899999999978,7.809399999999993,28.184099999999987,19.850600000000018,18.116900000000015,17.866600000000016,32.325599999999945,21.956999999999972,16.07860000000001,26.507100000000033,24,August,2023
236,7.609399999999997,25.4466,21.519699999999997,11.48630000000001,8.73430000000001,26.43269999999999,19.367300000000046,13.901300000000015,20.853300000000008,31.513300000000005,24.873599999999993,16.363400000000016,26.44269999999999,25,August,2023
237,7.938500000000005,25.745599999999968,24.505300000000013,11.218700000000004,9.500800000000012,21.79429999999998,19.217300000000044,12.714699999999986,19.95529999999999,31.510299999999976,27.64350000000002,16.90010000000001,25.577299999999983,26,August,2023
238,8.506899999999996,26.702899999999964,24.033200000000008,11.889800000000005,9.945100000000012,22.702199999999994,18.57100000000004,12.1668,20.25000000000002,31.384000000000025,28.255100000000024,16.961199999999987,25.524199999999997,27,August,2023
239,7.216599999999997,26.56559999999999,24.14720000000001,12.885800000000001,11.46740000000002,24.747200000000007,18.723400000000016,12.642800000000012,20.940399999999986,28.48840000000002,27.023399999999985,16.66979999999998,25.395199999999974,28,August,2023
240,7.430399999999997,27.71089999999999,27.019500000000022,12.869499999999986,12.509900000000018,25.589500000000015,18.054000000000027,10.70150000000001,19.545999999999996,28.988000000000042,28.32460000000002,18.01990000000001,25.42050000000001,29,August,2023
241,8.68049999999999,28.545300000000015,17.011400000000023,13.47860000000002,12.033199999999995,19.979400000000027,16.158299999999976,10.294599999999994,18.96629999999997,30.742300000000053,25.98949999999999,18.888800000000042,26.139399999999974,30,August,2023
242,10.314499999999992,27.4273,18.500799999999984,14.139199999999995,11.409200000000006,20.780799999999985,16.81099999999999,11.299200000000017,19.790999999999986,31.05100000000003,23.92550000000001,15.44880000000003,23.930799999999973,31,August,2023
243,6.9301999999999895,25.402699999999992,16.820099999999986,13.421899999999987,10.81790000000001,22.645099999999992,17.085799999999992,11.899899999999993,18.999799999999958,32.52380000000001,23.66579999999999,16.161100000000005,21.44710000000002,1,September,2023
244,8.796099999999996,24.717800000000015,16.8325,13.47949999999998,10.624499999999998,23.287499999999987,16.122399999999985,12.37749999999998,18.596399999999953,32.61039999999995,24.45990000000003,13.251499999999997,22.50950000000002,2,September,2023
245,10.511599999999987,25.087999999999976,19.877899999999975,14.352100000000002,11.051399999999994,22.186900000000023,19.823900000000027,10.051099999999987,18.913899999999984,32.89390000000002,25.049399999999974,13.357199999999999,20.49990000000003,3,September,2023
246,9.154899999999992,24.52320000000001,21.59049999999997,14.79949999999999,9.576799999999993,21.5805,20.831600000000023,9.113499999999991,17.67959999999998,31.92759999999997,25.533099999999994,13.193099999999998,18.234499999999986,4,September,2023
247,10.655400000000007,24.904799999999994,18.55899999999999,13.870999999999986,7.965400000000005,23.859,21.743900000000007,8.709000000000005,17.209900000000015,31.180900000000005,27.165599999999962,11.073300000000009,16.527000000000015,5,September,2023
248,10.666500000000019,25.08119999999999,19.112499999999965,12.095499999999994,6.896300000000007,24.9645,19.925699999999964,9.922499999999985,18.004700000000035,31.115699999999936,23.03949999999999,8.685400000000005,15.58849999999999,6,September,2023
249,9.766500000000013,26.32069999999999,17.968599999999984,11.730399999999992,6.5508000000000095,23.91959999999998,19.307099999999977,11.56139999999999,18.340100000000035,29.51609999999994,18.25450000000003,7.780200000000005,14.999599999999992,7,September,2023
250,10.847999999999992,25.714900000000014,14.855999999999986,10.934000000000012,6.8061000000000025,25.677999999999997,19.963600000000028,10.556000000000006,15.317599999999981,27.611600000000035,20.918000000000017,9.818900000000012,16.762000000000008,8,September,2023
251,10.437899999999988,25.90239999999998,14.943600000000002,10.550399999999993,7.321399999999995,23.947599999999987,21.375100000000007,10.952399999999994,12.637099999999997,28.145099999999992,23.96410000000003,12.569600000000028,17.685600000000033,9,September,2023
252,11.730999999999986,26.41959999999998,15.987299999999983,11.582699999999983,6.5174,23.44329999999998,21.18190000000002,11.70669999999998,13.466899999999994,28.494899999999966,23.929000000000016,13.19640000000003,18.49230000000001,10,September,2023
253,8.780099999999985,25.718200000000014,16.864700000000017,12.025300000000005,5.795000000000001,22.784699999999983,22.716899999999978,11.985299999999993,14.281899999999993,28.301899999999986,24.919900000000002,13.849000000000022,19.28969999999998,11,September,2023
254,3.8352000000000044,23.745099999999947,18.712999999999976,9.904000000000007,4.646499999999994,23.44399999999996,21.168999999999993,11.511999999999986,16.21099999999999,27.01400000000003,26.45480000000004,10.70929999999999,17.88700000000002,12,September,2023
255,4.980600000000009,25.182899999999986,16.915700000000015,8.433299999999996,3.7899000000000016,23.242699999999996,19.47820000000002,12.169300000000007,16.19220000000001,24.943200000000004,25.309400000000043,12.300300000000002,18.673699999999986,13,September,2023
256,3.277599999999999,26.59929999999998,16.94079999999997,8.404200000000005,2.248300000000003,20.350800000000028,15.273200000000006,12.944199999999984,13.588199999999999,28.42819999999998,24.457400000000025,10.0797,20.610799999999987,14,September,2023
257,2.075299999999996,27.70550000000002,18.25489999999997,6.253100000000004,1.711400000000001,18.130900000000025,16.73419999999998,11.537099999999995,13.46820000000001,25.332200000000025,28.356699999999954,9.514599999999994,19.506899999999977,15,September,2023
258,4.200699999999997,28.395400000000038,15.521199999999975,5.768799999999996,2.4180000000000033,20.32120000000003,15.666100000000029,9.468800000000005,13.066099999999981,25.766099999999973,19.289300000000033,10.745000000000005,17.221199999999982,16,September,2023
259,6.040299999999999,25.014199999999978,8.244699999999993,3.873300000000003,3.547600000000004,21.31370000000002,16.347999999999978,9.88529999999998,12.765000000000027,22.43699999999999,15.328700000000017,13.085400000000009,18.250699999999984,17,September,2023
260,8.134000000000002,22.199299999999994,7.361799999999987,2.8902000000000014,5.067700000000001,14.767800000000012,17.096799999999977,9.402199999999985,14.372800000000002,20.809800000000017,17.203000000000035,15.107700000000007,19.972800000000042,18,September,2023
261,8.349999999999996,21.710400000000014,8.14509999999999,4.704900000000002,4.612200000000005,15.812100000000022,18.31969999999997,8.996900000000002,11.86669999999999,19.35669999999998,19.015000000000033,14.99360000000002,19.14510000000003,19,September,2023
262,8.592100000000004,21.494399999999995,10.056199999999997,6.073799999999994,2.1143000000000005,15.716199999999985,18.841499999999975,9.653799999999991,13.301500000000019,19.74149999999997,16.437900000000027,13.886800000000019,18.47619999999998,20,September,2023
263,9.535799999999991,20.453100000000028,12.172200000000016,7.717800000000007,0.3078999999999997,16.5722,18.368799999999965,11.017800000000008,9.66880000000001,23.768800000000024,12.654199999999978,7.9144999999999905,15.872200000000015,21,September,2023
264,6.238499999999998,21.052500000000013,15.295899999999971,7.394100000000001,3.314699999999998,19.89590000000003,17.479400000000027,9.694099999999986,8.079399999999994,26.67939999999999,10.151499999999984,11.91949999999998,16.595899999999997,22,September,2023
265,2.728400000000002,20.380399999999998,18.320400000000028,4.376599999999994,6.1135999999999875,19.527400000000014,13.3939,9.808599999999982,13.297900000000022,21.39489999999999,8.78059999999999,15.119399999999994,15.397399999999987,23,September,2023
266,2.601799999999995,22.208599999999983,19.968999999999987,3.187000000000002,4.763600000000004,12.334999999999988,11.153599999999988,11.763000000000016,11.195600000000015,19.13359999999996,10.980200000000007,14.486999999999972,14.97299999999999,24,September,2023
267,4.417999999999996,22.009100000000032,15.454800000000025,4.191200000000004,1.9849000000000026,13.310800000000008,14.44459999999999,12.407199999999978,10.616600000000014,20.624600000000015,12.044000000000016,14.742899999999985,13.518799999999993,25,September,2023
268,5.3436,23.49140000000003,16.523200000000035,8.754800000000005,-0.4055999999999993,12.847200000000004,15.440800000000014,12.586800000000006,10.064799999999982,22.28880000000005,13.67440000000001,9.072199999999988,12.57919999999998,26,September,2023
269,5.8641000000000005,23.870499999999993,13.149300000000016,7.411699999999992,1.220200000000001,14.457299999999986,16.944800000000008,11.955700000000006,7.65279999999999,22.635799999999982,11.551900000000005,9.884899999999984,12.676300000000024,27,September,2023
270,0.6495999999999996,26.027199999999983,10.822999999999993,5.177000000000008,5.351000000000004,13.181999999999992,17.70869999999998,8.28100000000001,12.845699999999995,21.841700000000028,12.026399999999981,11.937499999999979,9.389999999999999,28,September,2023
271,0.4312000000000004,25.36160000000002,10.882299999999992,5.917700000000008,5.7432000000000025,10.761299999999999,18.13040000000002,6.141699999999993,10.62739999999999,22.50339999999997,14.324800000000018,11.760400000000004,9.209300000000011,29,September,2023
272,1.2826000000000028,21.715499999999977,14.421200000000015,6.568800000000001,6.5193000000000065,10.921199999999997,14.291000000000023,3.968800000000003,6.990999999999988,22.99100000000004,13.307400000000008,12.86170000000002,9.421199999999992,30,September,2023
273,0.5289999999999994,22.68009999999999,10.293600000000003,7.286399999999986,5.730999999999995,12.53859999999999,10.503699999999995,2.9913999999999974,8.743700000000011,18.10369999999996,11.086500000000019,13.261900000000024,9.513600000000004,1,October,2023
274,-1.3203000000000011,23.035199999999996,6.073999999999995,7.692000000000006,6.366900000000007,14.623999999999992,11.003999999999992,3.5020000000000016,11.642000000000003,18.597999999999963,11.57390000000002,12.215999999999994,9.283999999999995,2,October,2023
275,-1.694100000000001,21.006499999999978,6.165499999999991,7.837500000000007,6.129400000000003,16.05050000000002,13.6905,4.248499999999999,7.952500000000012,21.05349999999995,11.637000000000018,12.993600000000004,8.885500000000004,3,October,2023
276,-3.244100000000003,21.08400000000001,6.130899999999989,9.650100000000004,5.678300000000002,15.329899999999988,11.60399999999999,4.673100000000004,11.656999999999998,21.793999999999983,12.8771,13.046300000000006,7.367899999999996,4,October,2023
277,-2.822499999999999,21.27090000000001,6.365599999999993,11.772400000000012,5.413799999999997,12.420600000000006,10.220099999999983,4.327400000000002,13.654100000000012,21.390100000000004,13.371499999999985,13.036400000000008,5.984600000000003,5,October,2023
278,2.6779999999999986,23.40119999999999,6.9392999999999985,12.13069999999998,4.167699999999996,11.667300000000001,10.118299999999996,4.524699999999995,12.60230000000002,17.53829999999998,16.935999999999996,12.495399999999986,4.9733000000000045,6,October,2023
279,6.889900000000006,22.898799999999984,7.477299999999999,10.602699999999992,1.4756000000000007,13.53930000000001,9.793199999999992,2.702699999999997,11.515200000000002,18.183199999999978,18.588100000000026,14.277800000000015,7.203299999999997,7,October,2023
280,6.633800000000005,20.951999999999998,5.751099999999992,10.013900000000003,-0.06800000000000007,12.68809999999999,11.5014,1.5559000000000003,12.736399999999993,21.296399999999977,20.7302,13.518199999999984,9.822099999999988,8,October,2023
281,6.844699999999998,19.550200000000004,5.225500000000006,6.564500000000001,1.2569,10.525500000000006,14.108300000000028,1.864500000000003,8.208299999999989,22.60830000000002,18.64529999999997,14.815100000000015,11.325499999999987,9,October,2023
282,9.23390000000001,18.663099999999982,10.116000000000016,1.273999999999998,1.873599999999999,12.01600000000001,15.677900000000028,4.473999999999998,7.9779,23.677900000000005,18.25610000000002,14.82440000000002,12.116000000000001,10,October,2023
283,2.6392000000000024,20.323799999999984,15.523599999999988,4.504399999999999,2.2972000000000024,13.025600000000013,16.363299999999995,4.953399999999999,8.250299999999983,22.68730000000002,11.579200000000014,14.302299999999976,12.87859999999999,11,October,2023
284,6.488600000000003,19.019999999999996,12.340299999999996,5.7307,2.856299999999997,13.1143,13.983199999999986,4.595700000000004,8.579200000000004,24.221200000000017,11.931400000000004,10.290199999999995,14.685299999999986,12,October,2023
285,4.777999999999994,17.869499999999984,11.672699999999987,5.8263000000000025,3.313799999999997,12.758700000000003,13.38660000000001,3.9113000000000033,9.230599999999995,24.768600000000024,12.08200000000002,9.921500000000004,14.277699999999998,13,October,2023
286,-2.947799999999997,16.033700000000007,12.706599999999998,6.1994000000000025,3.105000000000004,10.2186,11.853300000000017,5.495399999999995,3.769600000000009,23.685299999999987,12.6278,9.710699999999992,14.454600000000028,14,October,2023
287,-6.748300000000008,16.79400000000002,11.5709,5.893100000000001,2.2188000000000034,9.146899999999988,10.637500000000015,2.078300000000001,1.1134999999999993,23.545500000000025,8.608300000000012,11.117899999999993,14.162899999999997,15,October,2023
288,-7.345299999999996,16.449699999999993,13.042999999999983,7.619000000000011,0.6989000000000002,9.370999999999995,6.81740000000001,0.37770000000000054,0.4918999999999996,21.441399999999994,8.425299999999996,10.704599999999992,13.918999999999993,16,October,2023
289,-4.487700000000004,17.29180000000003,15.052699999999986,5.837299999999988,-0.7160999999999986,11.152700000000012,5.033699999999995,0.5446000000000004,7.5333000000000085,18.933300000000013,7.187700000000007,10.245900000000008,14.452699999999988,17,October,2023
290,-2.3310000000000017,17.724000000000025,9.601100000000013,6.088900000000011,-1.3191000000000006,10.201100000000018,4.233199999999999,0.8947000000000007,6.3328,9.932799999999988,8.031000000000011,10.697000000000001,16.10110000000001,18,October,2023
291,-9.622900000000007,17.014200000000006,2.7878000000000007,2.5034999999999963,-1.6285000000000016,7.686699999999998,4.816200000000008,2.8035000000000023,6.3157000000000005,13.015700000000006,7.922900000000004,13.98990000000001,14.787600000000012,19,October,2023
292,-12.774200000000002,17.182899999999982,-0.8095999999999991,2.1034000000000006,-2.1323000000000003,8.98660000000001,7.1878999999999875,4.403400000000002,7.8879000000000135,19.58789999999997,8.074200000000012,13.734700000000005,7.586599999999997,20,October,2023
293,-10.6148,17.91140000000001,4.756399999999997,2.133600000000002,-0.8193000000000009,8.456399999999988,5.535399999999999,2.6336000000000017,-3.4549000000000047,21.33509999999998,9.414800000000008,11.38299999999999,9.55639999999999,21,October,2023
294,-12.371499999999994,18.180099999999978,9.489100000000004,1.1009000000000002,0.6923999999999996,5.489099999999994,1.2439000000000016,3.900900000000003,-1.4475000000000025,22.842499999999973,9.271499999999989,9.83190000000001,12.28910000000001,22,October,2023
295,-8.171500000000007,18.78000000000002,-1.7937000000000012,0.7,1.2425000000000013,5.1962999999999955,1.043200000000001,4.893699999999998,-8.948299999999982,12.441700000000017,8.271499999999987,11.03949999999999,7.296299999999998,23,October,2023
296,-4.255300000000002,18.86029999999998,-5.805700000000009,2.805699999999998,2.172900000000003,7.884299999999995,2.232800000000003,5.1057000000000015,-14.15849999999997,6.631499999999996,6.155300000000006,7.525199999999991,4.484600000000004,24,October,2023
297,-1.1059000000000005,18.31150000000002,-4.5791999999999895,4.779200000000004,3.2642000000000038,8.110799999999992,5.1315000000000035,3.9792000000000045,-11.358799999999995,5.331299999999996,3.6058000000000017,2.060899999999998,7.71079999999999,25,October,2023
298,0.922000000000001,18.066500000000005,-5.239900000000006,5.1399000000000035,2.5091999999999994,8.3501,5.88190000000001,1.0458000000000007,-0.814299999999999,7.081599999999991,0.36940000000000045,4.627499999999994,10.850099999999998,26,October,2023
299,0.049300000000000024,18.54060000000001,-4.9501,7.150100000000004,-0.06750000000000009,11.1399,11.936700000000005,2.4500999999999946,-8.653299999999994,11.836700000000013,2.646400000000004,6.408600000000004,11.339899999999993,27,October,2023
300,-2.376600000000003,18.928699999999974,0.4144000000000005,6.334399999999997,-0.49970000000000014,10.671599999999994,16.323099999999975,4.1263999999999985,-9.534899999999986,16.931099999999972,3.0965999999999996,4.4901000000000035,13.74359999999998,28,October,2023
301,-3.6801000000000044,19.03070000000001,4.162999999999999,3.7869999999999973,1.305,11.413000000000006,15.579899999999977,5.707000000000005,-7.44010000000001,18.509899999999977,2.6800999999999977,2.7820999999999976,13.883000000000017,29,October,2023
302,-6.605800000000006,20.71169999999997,5.681299999999994,2.208699999999999,2.9049000000000014,10.881300000000003,11.44579999999998,5.208700000000001,-0.6510999999999997,19.24579999999997,6.005800000000001,-0.1271999999999998,10.981300000000022,30,October,2023
303,-6.286899999999998,20.19629999999997,4.120899999999999,5.5691999999999995,3.5120999999999962,10.920799999999996,9.162200000000015,2.9692000000000003,-3.827799999999992,15.962200000000022,10.086900000000016,-3.8431000000000015,10.820800000000018,31,October,2023
304,-2.8382999999999985,19.73780000000002,1.609800000000001,3.9821000000000026,3.3454000000000033,11.807899999999995,4.647199999999996,5.2820999999999945,-9.543699999999994,9.746300000000012,6.538300000000008,-9.885400000000018,9.507900000000014,1,November,2023
305,-2.803100000000004,20.716199999999958,6.056499999999999,5.433499999999989,3.5035000000000003,8.956500000000005,5.6947999999999945,5.3335000000000035,-8.195399999999996,8.094599999999996,3.203100000000002,-5.929399999999999,9.05650000000001,2,November,2023
306,-1.1274000000000006,21.845300000000005,5.322000000000006,5.068000000000004,2.5738000000000043,12.72199999999998,10.732599999999989,6.86799999999999,4.832699999999993,10.232599999999985,1.1274000000000006,-5.008100000000002,10.921999999999992,3,November,2023
307,-0.6816999999999993,19.38989999999999,3.100899999999998,5.590199999999995,0.8755999999999985,11.19979999999999,13.924700000000005,6.090199999999994,2.6253000000000024,14.324699999999998,3.1815000000000015,0.44270000000000037,13.799799999999983,4,November,2023
308,2.5031000000000043,20.098599999999998,0.5956999999999991,5.497499999999997,-1.0243999999999984,10.992500000000007,11.39460000000001,6.697500000000006,-5.0954000000000095,17.394599999999983,2.886899999999997,2.046699999999997,14.19250000000001,5,November,2023
309,0.6520000000000006,20.80900000000002,-0.15370000000000034,6.938300000000009,-1.9820000000000013,9.793699999999987,7.364199999999996,3.7523000000000057,-14.359799999999966,17.846200000000042,6.275099999999997,8.080099999999995,11.719700000000005,6,November,2023
310,-0.929200000000001,17.64099999999999,2.711800000000003,3.2791999999999986,-3.9450000000000007,7.710800000000003,8.690399999999983,1.4791999999999978,-16.399600000000024,17.390400000000042,1.6292,8.385000000000009,12.210799999999997,7,November,2023
311,-0.6292000000000004,15.913500000000017,3.1830999999999974,0.5682000000000007,-5.147500000000003,4.652999999999998,8.185199999999991,0.3340999999999997,-7.49480000000001,21.46520000000003,1.1789999999999987,6.348500000000004,9.672700000000015,8,November,2023
312,-1.1982000000000013,16.27339999999997,4.404800000000004,-0.9131000000000007,-5.411199999999999,1.3215999999999992,9.87659999999999,4.2260000000000035,-8.34639999999999,20.508599999999987,1.3441999999999994,5.063200000000004,10.632799999999998,9,November,2023
313,-1.5308000000000004,17.792199999999966,8.054899999999996,-3.1517000000000026,-4.545499999999993,-1.4182999999999988,10.07030000000001,1.8420999999999992,-13.919700000000029,19.27830000000003,1.6688000000000014,6.407399999999996,9.273899999999989,10,November,2023
314,-1.7051000000000003,18.138199999999987,5.290100000000007,-3.3995999999999977,-4.463700000000002,-0.5586000000000005,12.23469999999998,2.620900000000004,-12.624299999999998,19.214700000000036,1.1051000000000017,8.438699999999994,10.371100000000002,11,November,2023
315,-4.5979,18.134499999999996,2.646699999999997,-3.1586999999999987,-2.860900000000003,1.8538000000000014,12.631600000000015,3.5757999999999996,-17.45539999999998,18.796599999999966,2.512900000000002,7.541300000000007,11.5482,12,November,2023
316,-8.70860000000001,17.89589999999998,3.8132000000000024,-0.8242000000000006,-1.4469000000000007,5.129900000000005,8.682499999999994,6.374099999999998,-4.122600000000006,21.496500000000022,2.357699999999999,5.9567000000000005,10.413899999999982,13,November,2023
317,-9.80660000000001,16.605300000000003,2.2066999999999974,-0.018099999999999946,1.130199999999998,5.2779,7.343899999999993,7.630099999999998,2.7550000000000017,21.282899999999948,-2.1504000000000008,6.007099999999999,8.734900000000012,14,November,2023
318,-11.476200000000008,17.203500000000027,2.057400000000001,0.03759999999999996,1.0724000000000005,5.801800000000002,6.575900000000006,7.208199999999989,0.2853000000000001,18.190899999999957,-5.5878000000000005,6.252999999999995,7.083799999999994,15,November,2023
319,-14.337799999999984,17.811600000000016,-3.748000000000003,4.231000000000002,-3.038899999999998,3.001500000000002,3.6590999999999987,3.829900000000001,-2.8971999999999998,17.77490000000004,-3.5502000000000016,4.261800000000001,5.365300000000006,16,November,2023
320,-13.769499999999988,18.10230000000002,-7.168200000000009,4.9832000000000045,-2.911900000000003,3.429199999999998,1.563200000000001,1.264199999999998,-3.5142000000000078,18.295800000000014,-2.5114999999999963,2.3199000000000014,6.9617999999999975,17,November,2023
321,-13.106599999999991,15.596699999999997,-8.354299999999988,2.2876000000000034,-1.4965000000000004,6.533699999999994,-0.18039999999999995,3.5572999999999992,-9.592699999999985,17.68330000000001,-0.25869999999999993,1.3765000000000003,7.209699999999991,18,November,2023
322,-8.680600000000007,11.574300000000001,-8.77749999999999,0.16760000000000033,-4.019199999999991,6.779500000000004,-1.6646000000000019,5.80349999999999,-13.211500000000008,16.058500000000006,5.3027,0.30580000000000024,3.838600000000004,19,November,2023
323,-7.262300000000006,14.115499999999987,-4.779700000000006,1.6405999999999992,-7.569299999999987,3.8205999999999976,-2.819300000000004,2.769699999999998,-13.699299999999983,13.440699999999993,6.652300000000008,-1.0696,5.5703,20,November,2023
324,-9.632299999999988,15.099899999999998,-1.5322,-0.42439999999999967,-13.42239999999999,3.6012999999999993,-0.48970000000000047,1.9201999999999961,-18.434099999999972,7.596900000000012,7.66359999999999,-5.9364,7.6669999999999945,21,November,2023
325,-13.755600000000014,18.041100000000004,-0.6890999999999989,-3.4642000000000017,-16.827899999999996,2.7761999999999976,4.787399999999994,0.6051000000000001,-14.526800000000028,6.087399999999994,-0.6624000000000002,-9.011199999999985,8.723699999999987,22,November,2023
326,-15.070300000000007,19.110199999999992,-2.4665000000000026,-2.746599999999995,-16.932100000000023,2.140599999999999,5.795500000000005,1.8084999999999996,-11.63250000000001,7.095500000000003,-2.955700000000001,-6.460500000000003,6.366099999999992,23,November,2023
327,-18.05599999999997,17.999799999999983,-11.276399999999999,-4.652699999999993,-15.331800000000026,1.0626999999999993,4.228899999999995,1.1318000000000001,-17.450200000000017,5.9719,-3.0319999999999983,-2.9316000000000004,4.397699999999993,24,November,2023
328,-15.276999999999985,17.226000000000017,-11.290200000000011,-11.044799999999999,-15.236999999999984,0.9063000000000013,1.8878000000000026,-0.1484000000000002,-20.53209999999995,7.208899999999992,-3.4859999999999958,2.861099999999995,2.4157000000000006,25,November,2023
329,-15.271900000000024,16.5937,-10.194300000000007,-10.227699999999997,-15.02439999999999,1.4564000000000004,3.6889999999999956,-3.856699999999999,-19.127999999999965,8.570999999999996,-7.477100000000011,5.146399999999992,6.343700000000005,26,November,2023
330,-14.567600000000013,16.771000000000004,-7.96799999999999,-8.873000000000008,-12.156800000000008,-0.679,2.9107999999999987,-5.901000000000006,-18.25759999999999,9.445399999999983,-7.012400000000005,5.771800000000002,5.618999999999993,27,November,2023
331,-12.455500000000013,15.975299999999983,-7.846399999999994,-10.496600000000011,-7.220800000000009,-5.139000000000002,1.1291000000000029,-7.710599999999997,-16.886200000000002,12.012800000000006,-8.004500000000013,2.604600000000003,4.1350000000000025,28,November,2023
332,-14.87449999999998,16.680200000000017,-9.433999999999987,-7.655999999999997,-5.287700000000006,-1.4339999999999997,-3.1249999999999947,-10.255999999999993,-10.025000000000016,9.265000000000022,-10.9155,5.735799999999991,5.456000000000008,29,November,2023
333,-13.147499999999988,17.047599999999996,-5.234700000000006,-4.255599999999998,-3.5210999999999957,-2.234699999999998,-1.7082000000000006,-11.955299999999987,-15.408199999999981,4.482300000000001,-12.742499999999982,5.412399999999995,3.4555999999999973,30,November,2023
334,-10.425799999999983,15.641699999999991,-7.947999999999988,-3.642200000000003,-2.933199999999999,4.142200000000004,3.864899999999995,-14.04200000000003,-22.025299999999994,5.164899999999993,-11.864200000000004,4.883100000000002,4.742199999999996,1,December,2023
335,-6.085300000000002,11.293600000000001,-8.18680000000001,-0.6074999999999986,-3.7205000000000035,2.3043999999999945,1.5535000000000005,-10.803199999999995,-11.337699999999998,3.452899999999998,-7.304699999999997,1.5484999999999982,5.2032000000000025,2,December,2023
336,-9.723199999999999,9.023599999999998,-14.458199999999987,0.36299999999999977,-3.8636000000000013,3.432100000000001,5.828899999999994,-11.631799999999997,-3.1614000000000004,11.128599999999974,-7.16680000000001,0.9944999999999986,-1.0630000000000015,3,December,2023
337,-9.593400000000004,10.41010000000001,-5.972400000000005,-3.318200000000005,-4.109200000000002,4.818100000000006,8.341900000000008,-7.217600000000008,-6.948100000000006,11.94189999999997,-13.096600000000025,1.1551000000000013,0.6213000000000004,4,December,2023
338,-5.473700000000003,12.274099999999999,-5.113200000000001,-3.777199999999993,-4.139799999999995,5.376800000000006,5.981199999999992,-7.676799999999995,-10.30919999999999,10.880799999999988,-9.716299999999983,-2.560500000000002,4.5771999999999995,5,December,2023
339,-5.5088000000000035,14.41669999999999,-17.157600000000016,-2.3338999999999976,-3.8908,3.1339000000000006,4.702399999999994,-2.2339,-8.388000000000012,17.80199999999996,-10.481200000000012,-2.0303000000000018,3.432799999999998,6,December,2023
340,-6.2791,14.780700000000001,-16.592099999999995,-1.1992999999999991,-4.3069999999999995,5.197900000000009,6.671899999999996,-4.198500000000006,-5.718099999999996,18.671900000000047,-14.010899999999998,5.634100000000002,4.298499999999999,7,December,2023
341,-8.154800000000009,13.251699999999996,-13.429199999999986,-0.8647000000000007,-5.147099999999994,-4.829199999999997,6.226800000000009,-7.0607999999999915,-11.763199999999994,20.22680000000001,-18.735199999999974,4.519999999999995,2.2624000000000013,8,December,2023
342,-6.730400000000007,13.44529999999999,-7.1671000000000085,-3.5233000000000017,-4.469900000000003,-3.3670999999999998,7.260800000000014,-3.723299999999996,-18.829200000000032,21.0608,-16.65959999999998,0.48630000000000045,1.6240000000000026,9,December,2023
343,-4.203400000000003,15.913199999999986,-8.776100000000007,-4.4145999999999965,-4.032000000000001,-0.3821999999999995,6.3189000000000055,-2.0150999999999994,-16.571100000000026,16.618899999999975,-13.386600000000008,-6.328000000000004,-1.9761000000000006,10,December,2023
344,-5.046600000000007,17.664499999999983,-9.315099999999994,-2.576000000000001,-3.5543000000000053,2.275999999999997,4.653,-5.5749,-20.637499999999978,18.75249999999997,-11.143399999999984,-11.289700000000018,-6.815099999999994,11,December,2023
345,-6.262900000000001,14.464400000000017,-5.084799999999994,-1.3069999999999988,-3.229200000000002,1.9069000000000031,4.7952000000000075,-5.905199999999993,-27.1952,12.294799999999999,-16.22709999999998,-7.363200000000009,-7.784799999999994,12,December,2023
346,-4.279099999999996,13.383899999999992,-1.6027999999999998,-1.0884000000000007,-3.9884999999999944,1.6883999999999997,6.49000000000001,-11.787199999999986,-15.000000000000032,15.189999999999966,-19.310900000000043,-2.549099999999996,-7.402799999999993,13,December,2023
347,-4.025000000000004,10.938700000000004,0.33029999999999987,-0.2303000000000004,-4.610700000000001,2.1283000000000025,7.384099999999985,-10.127300000000007,-18.00589999999998,16.18409999999997,-20.86500000000001,-2.508699999999995,0.43029999999999924,14,December,2023
348,-4.257400000000005,8.585500000000005,-1.3736999999999981,1.6737000000000009,-5.392699999999996,4.116400000000002,6.637200000000006,-17.416300000000014,-19.352900000000027,14.037100000000024,-18.63259999999998,-5.280300000000003,-3.673700000000003,15,December,2023
349,-4.8961,5.310400000000005,-2.0245999999999995,-0.029300000000000125,-9.959400000000015,4.193600000000002,7.6334000000000115,-11.736400000000001,-27.626599999999993,16.776399999999995,-18.94190000000002,1.7583999999999995,-4.920600000000004,16,December,2023
350,-2.9440000000000044,5.4630000000000045,-5.653300000000005,-0.5313999999999997,-12.174000000000014,4.4529,7.588100000000009,-13.04869999999998,-25.24190000000003,17.78410000000003,-18.302000000000035,2.0749999999999975,-3.365300000000006,17,December,2023
351,-3.8932999999999978,6.700600000000001,-7.388300000000007,-2.015699999999996,-13.18719999999998,8.242700000000015,6.317800000000009,-11.51069999999998,-25.108400000000007,15.938599999999985,-17.872700000000016,1.9821999999999986,1.901999999999996,18,December,2023
352,-5.800400000000008,9.977999999999989,-3.1265999999999985,-3.0949000000000013,-12.443499999999995,5.918800000000004,7.0085000000000015,-11.06379999999999,-29.06150000000004,16.67849999999998,-13.959599999999982,-4.066699999999995,2.354899999999999,19,December,2023
353,-5.042800000000001,12.2542,0.4141999999999994,-7.192700000000007,-11.5999,4.958300000000004,7.632900000000004,-10.930699999999993,-29.90909999999995,16.750899999999973,-10.485200000000011,-1.6011999999999993,2.0378000000000016,20,December,2023
354,-9.097199999999994,16.8034,2.6426000000000043,-9.041299999999993,-12.0977,3.142600000000005,4.536800000000001,-9.74130000000001,-19.854100000000038,9.635900000000014,-17.492799999999992,-0.3390000000000004,3.142600000000005,21,December,2023
355,-12.605299999999993,16.61329999999998,3.4441,-7.743900000000004,-9.633100000000018,1.8450000000000006,2.959299999999995,-13.64389999999999,-8.331100000000005,14.158900000000012,-16.384700000000013,-0.43179999999999974,4.043900000000004,22,December,2023
356,-16.474400000000017,18.305599999999995,1.0071999999999977,-9.065899999999997,-10.212499999999986,-1.972199999999999,1.8785000000000025,-8.233899999999991,-7.828900000000009,17.2351,-13.208599999999985,-1.4152000000000016,3.2882000000000016,23,December,2023
357,-17.30270000000002,16.277100000000008,0.8925000000000005,-6.424099999999993,-11.241499999999984,-5.540899999999998,-3.4511999999999974,-5.5294000000000025,-12.381199999999994,17.268799999999995,-15.052300000000017,-10.606499999999984,6.414100000000007,24,December,2023
358,-16.736099999999993,16.809300000000007,-1.2424999999999977,-6.847499999999999,-14.14979999999998,-2.6647999999999974,-2.3336999999999986,-4.174700000000001,-13.661399999999999,15.132599999999991,-9.388900000000014,-16.612200000000012,4.6907,25,December,2023
359,-18.79950000000002,17.334099999999992,-1.9418000000000009,-6.148199999999998,-16.857699999999976,-0.8743,0.06860000000000015,-4.339400000000001,-8.948899999999986,16.773099999999985,-11.645499999999984,-21.262400000000017,2.1685999999999996,26,December,2023
360,-20.69099999999996,17.248100000000008,-15.850700000000009,-6.407299999999993,-15.471200000000016,0.35449999999999937,1.3572,-13.453300000000011,-8.191700000000017,12.430299999999988,-13.861000000000013,-19.184899999999978,4.795700000000004,27,December,2023
361,-18.713700000000024,16.891799999999993,-9.56230000000001,-6.755699999999999,-10.573199999999986,2.681,2.236200000000004,-15.871699999999985,-9.923200000000016,16.638800000000035,-14.128299999999989,-18.55210000000002,4.603900000000006,28,December,2023
362,-17.116099999999996,16.03340000000002,-4.470999999999992,-8.31899999999999,-7.055999999999991,6.419000000000004,2.221400000000001,-5.219300000000007,-11.569899999999993,8.320099999999996,-10.573900000000002,-25.71529999999997,4.219300000000005,29,December,2023
363,-12.707999999999988,15.723699999999994,-8.53449999999999,-0.659199999999999,-9.415300000000013,7.555499999999994,3.2535999999999916,-3.4560999999999984,-11.33700000000002,8.853000000000007,-1.0820000000000003,-17.522300000000005,4.2559,30,December,2023
364,-8.962000000000005,15.189100000000003,-4.960899999999996,-2.3302000000000005,-10.851900000000017,8.429200000000012,4.19009999999999,-4.929199999999994,-6.300000000000011,9.890100000000011,-3.3280000000000043,-5.074900000000007,4.629199999999998,31,December,2023
